Workbook

Sheet Summary Dashboard
A1: Summary Dashboard — All Territories
A2: Live cross-territory comparison. Year and Month selectors below.
A4: Year: | B4: 2026 | D4: Month: | E4: Apr | G4: ← change Year/Month to update all metrics below
A6: ▶ A. CURRENT MONTH — Goals vs Actual by Territory
A7: Territory | C7: Rev Goal | D7: Rev Actual | E7: % to Goal | F7: Member Goal | G7: New Members (T) | H7: New Members (NT) | I7: Drops (T) | J7: Drops (NT) | K7: Revenue Retention % (T + NT) | L7: Penetration % (Target) | M7: Account Retention % (T + NT)
A8: East King | C8: =IF(COUNTIFS('Data - Monthly Metrics'!A:A,$B$4,'Data - Monthly Metrics'!B:B,$E$4,'Data - Monthly Metrics'!C:C,"East King",'Data - Monthly Metrics'!D:D,"Goal - New Sales Revenue ($)")=0,"-",SUMIFS('Data - Monthly Metrics'!E:E,'Data - Monthly Metrics'!A:A,$B$4,'Data - Monthly Metrics'!B:B,$E$4,'Data - Monthly Metrics'!C:C,"East King",'Data - Monthly Metrics'!D:D,"Goal - New Sales Revenue ($)")) | D8: =IF(COUNTIFS('Data - Monthly Metrics'!A:A,$B$4,'Data - Monthly Metrics'!B:B,$E$4,'Data - Monthly Metrics'!C:C,"East King",'Data - Monthly Metrics'!D:D,"New Sales Revenue - Target ($)")+SUMIFS('Data - Monthly Metrics'!E:E,'Data - Monthly Metrics'!A:A,$B$4,'Data - Monthly Metrics'!B:B,$E$4,'Data - Monthly Metrics'!C:C,"East King",'Data - Monthly Metrics'!D:D,"New Sales Revenue - Non-Target ($)")=0,"-",SUMIFS('Data - Monthly Metrics'!E:E,'Data - Monthly Metrics'!A:A,$B$4,'Data - Monthly Metrics'!B:B,$E$4,'Data - Monthly Metrics'!C:C,"East King",'Data - Monthly Metrics'!D:D,"New Sales Revenue - Target ($)")+SUMIFS('Data - Monthly Metrics'!E:E,'Data - Monthly Metrics'!A:A,$B$4,'Data - Monthly Metrics'!B:B,$E$4,'Data - Monthly Metrics'!C:C,"East King",'Data - Monthly Metrics'!D:D,"New Sales Revenue - Non-Target ($)")) | E8: =IF(OR(NOT(ISNUMBER(C8)),C8=0),"-",D8/C8) | F8: =IF(COUNTIFS('Data - Monthly Metrics'!A:A,$B$4,'Data - Monthly Metrics'!B:B,$E$4,'Data - Monthly Metrics'!C:C,"East King",'Data - Monthly Metrics'!D:D,"Goal - New Members (#)")=0,"-",SUMIFS('Data - Monthly Metrics'!E:E,'Data - Monthly Metrics'!A:A,$B$4,'Data - Monthly Metrics'!B:B,$E$4,'Data - Monthly Metrics'!C:C,"East King",'Data - Monthly Metrics'!D:D,"Goal - New Members (#)")) | G8: =IF(COUNTIFS('Data - Monthly Metrics'!A:A,$B$4,'Data - Monthly Metrics'!B:B,$E$4,'Data - Monthly Metrics'!C:C,"East King",'Data - Monthly Metrics'!D:D,"New Members - Target (#)")=0,"-",SUMIFS('Data - Monthly Metrics'!E:E,'Data - Monthly Metrics'!A:A,$B$4,'Data - Monthly Metrics'!B:B,$E$4,'Data - Monthly Metrics'!C:C,"East King",'Data - Monthly Metrics'!D:D,"New Members - Target (#)")) | H8: =IF(COUNTIFS('Data - Monthly Metrics'!A:A,$B$4,'Data - Monthly Metrics'!B:B,$E$4,'Data - Monthly Metrics'!C:C,"East King",'Data - Monthly Metrics'!D:D,"New Members - Non-Target (#)")=0,"-",SUMIFS('Data - Monthly Metrics'!E:E,'Data - Monthly Metrics'!A:A,$B$4,'Data - Monthly Metrics'!B:B,$E$4,'Data - Monthly Metrics'!C:C,"East King",'Data - Monthly Metrics'!D:D,"New Members - Non-Target (#)")) | I8: =IF(COUNTIFS('Data - Monthly Metrics'!A:A,$B$4,'Data - Monthly Metrics'!B:B,$E$4,'Data - Monthly Metrics'!C:C,"East King",'Data - Monthly Metrics'!D:D,"Drops - Target (#)")=0,"-",SUMIFS('Data - Monthly Metrics'!E:E,'Data - Monthly Metrics'!A:A,$B$4,'Data - Monthly Metrics'!B:B,$E$4,'Data - Monthly Metrics'!C:C,"East King",'Data - Monthly Metrics'!D:D,"Drops - Target (#)")) | J8: =IF(COUNTIFS('Data - Monthly Metrics'!A:A,$B$4,'Data - Monthly Metrics'!B:B,$E$4,'Data - Monthly Metrics'!C:C,"East King",'Data - Monthly Metrics'!D:D,"Drops - Non-Target (#)")=0,"-",SUMIFS('Data - Monthly Metrics'!E:E,'Data - Monthly Metrics'!A:A,$B$4,'Data - Monthly Metrics'!B:B,$E$4,'Data - Monthly Metrics'!C:C,"East King",'Data - Monthly Metrics'!D:D,"Drops - Non-Target (#)")) | K8: =IFERROR((SUMIFS('Data - Monthly Metrics'!E:E,'Data - Monthly Metrics'!A:A,$B$4,'Data - Monthly Metrics'!B:B,$E$4,'Data - Monthly Metrics'!C:C,"East King",'Data - Monthly Metrics'!D:D,"Revenue Retained - Target ($)")+SUMIFS('Data - Monthly Metrics'!E:E,'Data - Monthly Metrics'!A:A,$B$4,'Data - Monthly Metrics'!B:B,$E$4,'Data - Monthly Metrics'!C:C,"East King",'Data - Monthly Metrics'!D:D,"Revenue Retained - Non-Target ($)"))/(SUMIFS('Data - Monthly Metrics'!E:E,'Data - Monthly Metrics'!A:A,$B$4,'Data - Monthly Metrics'!B:B,$E$4,'Data - Monthly Metrics'!C:C,"East King",'Data - Monthly Metrics'!D:D,"Revenue Up for Renewal - Target ($)")+SUMIFS('Data - Monthly Metrics'!E:E,'Data - Monthly Metrics'!A:A,$B$4,'Data - Monthly Metrics'!B:B,$E$4,'Data - Monthly Metrics'!C:C,"East King",'Data - Monthly Metrics'!D:D,"Revenue Up for Renewal - Non-Target ($)")),"-") | L8: =IF(COUNTIFS('Data - Monthly Metrics'!A:A,$B$4,'Data - Monthly Metrics'!B:B,$E$4,'Data - Monthly Metrics'!C:C,"East King",'Data - Monthly Metrics'!D:D,"Penetration - Combined %")=0,"-",SUMIFS('Data - Monthly Metrics'!E:E,'Data - Monthly Metrics'!A:A,$B$4,'Data - Monthly Metrics'!B:B,$E$4,'Data - Monthly Metrics'!C:C,"East King",'Data - Monthly Metrics'!D:D,"Penetration - Combined %")) | M8: =IFERROR((SUMIFS('Data - Monthly Metrics'!E:E,'Data - Monthly Metrics'!A:A,$B$4,'Data - Monthly Metrics'!B:B,$E$4,'Data - Monthly Metrics'!C:C,"East King",'Data - Monthly Metrics'!D:D,"Members Retained - Target (#)")+SUMIFS('Data - Monthly Metrics'!E:E,'Data - Monthly Metrics'!A:A,$B$4,'Data - Monthly Metrics'!B:B,$E$4,'Data - Monthly Metrics'!C:C,"East King",'Data - Monthly Metrics'!D:D,"Members Retained - Non-Target (#)"))/(SUMIFS('Data - Monthly Metrics'!E:E,'Data - Monthly Metrics'!A:A,$B$4,'Data - Monthly Metrics'!B:B,$E$4,'Data - Monthly Metrics'!C:C,"East King",'Data - Monthly Metrics'!D:D,"Members Up for Renewal - Target (#)")+SUMIFS('Data - Monthly Metrics'!E:E,'Data - Monthly Metrics'!A:A,$B$4,'Data - Monthly Metrics'!B:B,$E$4,'Data - Monthly Metrics'!C:C,"East King",'Data - Monthly Metrics'!D:D,"Members Up for Renewal - Non-Target (#)")),"-")
A9: South King | C9: =IF(COUNTIFS('Data - Monthly Metrics'!A:A,$B$4,'Data - Monthly Metrics'!B:B,$E$4,'Data - Monthly Metrics'!C:C,"South King",'Data - Monthly Metrics'!D:D,"Goal - New Sales Revenue ($)")=0,"-",SUMIFS('Data - Monthly Metrics'!E:E,'Data - Monthly Metrics'!A:A,$B$4,'Data - Monthly Metrics'!B:B,$E$4,'Data - Monthly Metrics'!C:C,"South King",'Data - Monthly Metrics'!D:D,"Goal - New Sales Revenue ($)")) | D9: =IF(COUNTIFS('Data - Monthly Metrics'!A:A,$B$4,'Data - Monthly Metrics'!B:B,$E$4,'Data - Monthly Metrics'!C:C,"South King",'Data - Monthly Metrics'!D:D,"New Sales Revenue - Target ($)")+SUMIFS('Data - Monthly Metrics'!E:E,'Data - Monthly Metrics'!A:A,$B$4,'Data - Monthly Metrics'!B:B,$E$4,'Data - Monthly Metrics'!C:C,"South King",'Data - Monthly Metrics'!D:D,"New Sales Revenue - Non-Target ($)")=0,"-",SUMIFS('Data - Monthly Metrics'!E:E,'Data - Monthly Metrics'!A:A,$B$4,'Data - Monthly Metrics'!B:B,$E$4,'Data - Monthly Metrics'!C:C,"South King",'Data - Monthly Metrics'!D:D,"New Sales Revenue - Target ($)")+SUMIFS('Data - Monthly Metrics'!E:E,'Data - Monthly Metrics'!A:A,$B$4,'Data - Monthly Metrics'!B:B,$E$4,'Data - Monthly Metrics'!C:C,"South King",'Data - Monthly Metrics'!D:D,"New Sales Revenue - Non-Target ($)")) | E9: =IF(OR(NOT(ISNUMBER(C9)),C9=0),"-",D9/C9) | F9: =IF(COUNTIFS('Data - Monthly Metrics'!A:A,$B$4,'Data - Monthly Metrics'!B:B,$E$4,'Data - Monthly Metrics'!C:C,"South King",'Data - Monthly Metrics'!D:D,"Goal - New Members (#)")=0,"-",SUMIFS('Data - Monthly Metrics'!E:E,'Data - Monthly Metrics'!A:A,$B$4,'Data - Monthly Metrics'!B:B,$E$4,'Data - Monthly Metrics'!C:C,"South King",'Data - Monthly Metrics'!D:D,"Goal - New Members (#)")) | G9: =IF(COUNTIFS('Data - Monthly Metrics'!A:A,$B$4,'Data - Monthly Metrics'!B:B,$E$4,'Data - Monthly Metrics'!C:C,"South King",'Data - Monthly Metrics'!D:D,"New Members - Target (#)")=0,"-",SUMIFS('Data - Monthly Metrics'!E:E,'Data - Monthly Metrics'!A:A,$B$4,'Data - Monthly Metrics'!B:B,$E$4,'Data - Monthly Metrics'!C:C,"South King",'Data - Monthly Metrics'!D:D,"New Members - Target (#)")) | H9: =IF(COUNTIFS('Data - Monthly Metrics'!A:A,$B$4,'Data - Monthly Metrics'!B:B,$E$4,'Data - Monthly Metrics'!C:C,"South King",'Data - Monthly Metrics'!D:D,"New Members - Non-Target (#)")=0,"-",SUMIFS('Data - Monthly Metrics'!E:E,'Data - Monthly Metrics'!A:A,$B$4,'Data - Monthly Metrics'!B:B,$E$4,'Data - Monthly Metrics'!C:C,"South King",'Data - Monthly Metrics'!D:D,"New Members - Non-Target (#)")) | I9: =IF(COUNTIFS('Data - Monthly Metrics'!A:A,$B$4,'Data - Monthly Metrics'!B:B,$E$4,'Data - Monthly Metrics'!C:C,"South King",'Data - Monthly Metrics'!D:D,"Drops - Target (#)")=0,"-",SUMIFS('Data - Monthly Metrics'!E:E,'Data - Monthly Metrics'!A:A,$B$4,'Data - Monthly Metrics'!B:B,$E$4,'Data - Monthly Metrics'!C:C,"South King",'Data - Monthly Metrics'!D:D,"Drops - Target (#)")) | J9: =IF(COUNTIFS('Data - Monthly Metrics'!A:A,$B$4,'Data - Monthly Metrics'!B:B,$E$4,'Data - Monthly Metrics'!C:C,"South King",'Data - Monthly Metrics'!D:D,"Drops - Non-Target (#)")=0,"-",SUMIFS('Data - Monthly Metrics'!E:E,'Data - Monthly Metrics'!A:A,$B$4,'Data - Monthly Metrics'!B:B,$E$4,'Data - Monthly Metrics'!C:C,"South King",'Data - Monthly Metrics'!D:D,"Drops - Non-Target (#)")) | K9: =IFERROR((SUMIFS('Data - Monthly Metrics'!E:E,'Data - Monthly Metrics'!A:A,$B$4,'Data - Monthly Metrics'!B:B,$E$4,'Data - Monthly Metrics'!C:C,"South King",'Data - Monthly Metrics'!D:D,"Revenue Retained - Target ($)")+SUMIFS('Data - Monthly Metrics'!E:E,'Data - Monthly Metrics'!A:A,$B$4,'Data - Monthly Metrics'!B:B,$E$4,'Data - Monthly Metrics'!C:C,"South King",'Data - Monthly Metrics'!D:D,"Revenue Retained - Non-Target ($)"))/(SUMIFS('Data - Monthly Metrics'!E:E,'Data - Monthly Metrics'!A:A,$B$4,'Data - Monthly Metrics'!B:B,$E$4,'Data - Monthly Metrics'!C:C,"South King",'Data - Monthly Metrics'!D:D,"Revenue Up for Renewal - Target ($)")+SUMIFS('Data - Monthly Metrics'!E:E,'Data - Monthly Metrics'!A:A,$B$4,'Data - Monthly Metrics'!B:B,$E$4,'Data - Monthly Metrics'!C:C,"South King",'Data - Monthly Metrics'!D:D,"Revenue Up for Renewal - Non-Target ($)")),"-") | L9: =IF(COUNTIFS('Data - Monthly Metrics'!A:A,$B$4,'Data - Monthly Metrics'!B:B,$E$4,'Data - Monthly Metrics'!C:C,"South King",'Data - Monthly Metrics'!D:D,"Penetration - Combined %")=0,"-",SUMIFS('Data - Monthly Metrics'!E:E,'Data - Monthly Metrics'!A:A,$B$4,'Data - Monthly Metrics'!B:B,$E$4,'Data - Monthly Metrics'!C:C,"South King",'Data - Monthly Metrics'!D:D,"Penetration - Combined %")) | M9: =IFERROR((SUMIFS('Data - Monthly Metrics'!E:E,'Data - Monthly Metrics'!A:A,$B$4,'Data - Monthly Metrics'!B:B,$E$4,'Data - Monthly Metrics'!C:C,"South King",'Data - Monthly Metrics'!D:D,"Members Retained - Target (#)")+SUMIFS('Data - Monthly Metrics'!E:E,'Data - Monthly Metrics'!A:A,$B$4,'Data - Monthly Metrics'!B:B,$E$4,'Data - Monthly Metrics'!C:C,"South King",'Data - Monthly Metrics'!D:D,"Members Retained - Non-Target (#)"))/(SUMIFS('Data - Monthly Metrics'!E:E,'Data - Monthly Metrics'!A:A,$B$4,'Data - Monthly Metrics'!B:B,$E$4,'Data - Monthly Metrics'!C:C,"South King",'Data - Monthly Metrics'!D:D,"Members Up for Renewal - Target (#)")+SUMIFS('Data - Monthly Metrics'!E:E,'Data - Monthly Metrics'!A:A,$B$4,'Data - Monthly Metrics'!B:B,$E$4,'Data - Monthly Metrics'!C:C,"South King",'Data - Monthly Metrics'!D:D,"Members Up for Renewal - Non-Target (#)")),"-")
A10: North King | C10: =IF(COUNTIFS('Data - Monthly Metrics'!A:A,$B$4,'Data - Monthly Metrics'!B:B,$E$4,'Data - Monthly Metrics'!C:C,"North King",'Data - Monthly Metrics'!D:D,"Goal - New Sales Revenue ($)")=0,"-",SUMIFS('Data - Monthly Metrics'!E:E,'Data - Monthly Metrics'!A:A,$B$4,'Data - Monthly Metrics'!B:B,$E$4,'Data - Monthly Metrics'!C:C,"North King",'Data - Monthly Metrics'!D:D,"Goal - New Sales Revenue ($)")) | D10: =IF(COUNTIFS('Data - Monthly Metrics'!A:A,$B$4,'Data - Monthly Metrics'!B:B,$E$4,'Data - Monthly Metrics'!C:C,"North King",'Data - Monthly Metrics'!D:D,"New Sales Revenue - Target ($)")+SUMIFS('Data - Monthly Metrics'!E:E,'Data - Monthly Metrics'!A:A,$B$4,'Data - Monthly Metrics'!B:B,$E$4,'Data - Monthly Metrics'!C:C,"North King",'Data - Monthly Metrics'!D:D,"New Sales Revenue - Non-Target ($)")=0,"-",SUMIFS('Data - Monthly Metrics'!E:E,'Data - Monthly Metrics'!A:A,$B$4,'Data - Monthly Metrics'!B:B,$E$4,'Data - Monthly Metrics'!C:C,"North King",'Data - Monthly Metrics'!D:D,"New Sales Revenue - Target ($)")+SUMIFS('Data - Monthly Metrics'!E:E,'Data - Monthly Metrics'!A:A,$B$4,'Data - Monthly Metrics'!B:B,$E$4,'Data - Monthly Metrics'!C:C,"North King",'Data - Monthly Metrics'!D:D,"New Sales Revenue - Non-Target ($)")) | E10: =IF(OR(NOT(ISNUMBER(C10)),C10=0),"-",D10/C10) | F10: =IF(COUNTIFS('Data - Monthly Metrics'!A:A,$B$4,'Data - Monthly Metrics'!B:B,$E$4,'Data - Monthly Metrics'!C:C,"North King",'Data - Monthly Metrics'!D:D,"Goal - New Members (#)")=0,"-",SUMIFS('Data - Monthly Metrics'!E:E,'Data - Monthly Metrics'!A:A,$B$4,'Data - Monthly Metrics'!B:B,$E$4,'Data - Monthly Metrics'!C:C,"North King",'Data - Monthly Metrics'!D:D,"Goal - New Members (#)")) | G10: =IF(COUNTIFS('Data - Monthly Metrics'!A:A,$B$4,'Data - Monthly Metrics'!B:B,$E$4,'Data - Monthly Metrics'!C:C,"North King",'Data - Monthly Metrics'!D:D,"New Members - Target (#)")=0,"-",SUMIFS('Data - Monthly Metrics'!E:E,'Data - Monthly Metrics'!A:A,$B$4,'Data - Monthly Metrics'!B:B,$E$4,'Data - Monthly Metrics'!C:C,"North King",'Data - Monthly Metrics'!D:D,"New Members - Target (#)")) | H10: =IF(COUNTIFS('Data - Monthly Metrics'!A:A,$B$4,'Data - Monthly Metrics'!B:B,$E$4,'Data - Monthly Metrics'!C:C,"North King",'Data - Monthly Metrics'!D:D,"New Members - Non-Target (#)")=0,"-",SUMIFS('Data - Monthly Metrics'!E:E,'Data - Monthly Metrics'!A:A,$B$4,'Data - Monthly Metrics'!B:B,$E$4,'Data - Monthly Metrics'!C:C,"North King",'Data - Monthly Metrics'!D:D,"New Members - Non-Target (#)")) | I10: =IF(COUNTIFS('Data - Monthly Metrics'!A:A,$B$4,'Data - Monthly Metrics'!B:B,$E$4,'Data - Monthly Metrics'!C:C,"North King",'Data - Monthly Metrics'!D:D,"Drops - Target (#)")=0,"-",SUMIFS('Data - Monthly Metrics'!E:E,'Data - Monthly Metrics'!A:A,$B$4,'Data - Monthly Metrics'!B:B,$E$4,'Data - Monthly Metrics'!C:C,"North King",'Data - Monthly Metrics'!D:D,"Drops - Target (#)")) | J10: =IF(COUNTIFS('Data - Monthly Metrics'!A:A,$B$4,'Data - Monthly Metrics'!B:B,$E$4,'Data - Monthly Metrics'!C:C,"North King",'Data - Monthly Metrics'!D:D,"Drops - Non-Target (#)")=0,"-",SUMIFS('Data - Monthly Metrics'!E:E,'Data - Monthly Metrics'!A:A,$B$4,'Data - Monthly Metrics'!B:B,$E$4,'Data - Monthly Metrics'!C:C,"North King",'Data - Monthly Metrics'!D:D,"Drops - Non-Target (#)")) | K10: =IFERROR((SUMIFS('Data - Monthly Metrics'!E:E,'Data - Monthly Metrics'!A:A,$B$4,'Data - Monthly Metrics'!B:B,$E$4,'Data - Monthly Metrics'!C:C,"North King",'Data - Monthly Metrics'!D:D,"Revenue Retained - Target ($)")+SUMIFS('Data - Monthly Metrics'!E:E,'Data - Monthly Metrics'!A:A,$B$4,'Data - Monthly Metrics'!B:B,$E$4,'Data - Monthly Metrics'!C:C,"North King",'Data - Monthly Metrics'!D:D,"Revenue Retained - Non-Target ($)"))/(SUMIFS('Data - Monthly Metrics'!E:E,'Data - Monthly Metrics'!A:A,$B$4,'Data - Monthly Metrics'!B:B,$E$4,'Data - Monthly Metrics'!C:C,"North King",'Data - Monthly Metrics'!D:D,"Revenue Up for Renewal - Target ($)")+SUMIFS('Data - Monthly Metrics'!E:E,'Data - Monthly Metrics'!A:A,$B$4,'Data - Monthly Metrics'!B:B,$E$4,'Data - Monthly Metrics'!C:C,"North King",'Data - Monthly Metrics'!D:D,"Revenue Up for Renewal - Non-Target ($)")),"-") | L10: =IF(COUNTIFS('Data - Monthly Metrics'!A:A,$B$4,'Data - Monthly Metrics'!B:B,$E$4,'Data - Monthly Metrics'!C:C,"North King",'Data - Monthly Metrics'!D:D,"Penetration - Combined %")=0,"-",SUMIFS('Data - Monthly Metrics'!E:E,'Data - Monthly Metrics'!A:A,$B$4,'Data - Monthly Metrics'!B:B,$E$4,'Data - Monthly Metrics'!C:C,"North King",'Data - Monthly Metrics'!D:D,"Penetration - Combined %")) | M10: =IFERROR((SUMIFS('Data - Monthly Metrics'!E:E,'Data - Monthly Metrics'!A:A,$B$4,'Data - Monthly Metrics'!B:B,$E$4,'Data - Monthly Metrics'!C:C,"North King",'Data - Monthly Metrics'!D:D,"Members Retained - Target (#)")+SUMIFS('Data - Monthly Metrics'!E:E,'Data - Monthly Metrics'!A:A,$B$4,'Data - Monthly Metrics'!B:B,$E$4,'Data - Monthly Metrics'!C:C,"North King",'Data - Monthly Metrics'!D:D,"Members Retained - Non-Target (#)"))/(SUMIFS('Data - Monthly Metrics'!E:E,'Data - Monthly Metrics'!A:A,$B$4,'Data - Monthly Metrics'!B:B,$E$4,'Data - Monthly Metrics'!C:C,"North King",'Data - Monthly Metrics'!D:D,"Members Up for Renewal - Target (#)")+SUMIFS('Data - Monthly Metrics'!E:E,'Data - Monthly Metrics'!A:A,$B$4,'Data - Monthly Metrics'!B:B,$E$4,'Data - Monthly Metrics'!C:C,"North King",'Data - Monthly Metrics'!D:D,"Members Up for Renewal - Non-Target (#)")),"-")
A11: Pierce | C11: =IF(COUNTIFS('Data - Monthly Metrics'!A:A,$B$4,'Data - Monthly Metrics'!B:B,$E$4,'Data - Monthly Metrics'!C:C,"Pierce",'Data - Monthly Metrics'!D:D,"Goal - New Sales Revenue ($)")=0,"-",SUMIFS('Data - Monthly Metrics'!E:E,'Data - Monthly Metrics'!A:A,$B$4,'Data - Monthly Metrics'!B:B,$E$4,'Data - Monthly Metrics'!C:C,"Pierce",'Data - Monthly Metrics'!D:D,"Goal - New Sales Revenue ($)")) | D11: =IF(COUNTIFS('Data - Monthly Metrics'!A:A,$B$4,'Data - Monthly Metrics'!B:B,$E$4,'Data - Monthly Metrics'!C:C,"Pierce",'Data - Monthly Metrics'!D:D,"New Sales Revenue - Target ($)")+SUMIFS('Data - Monthly Metrics'!E:E,'Data - Monthly Metrics'!A:A,$B$4,'Data - Monthly Metrics'!B:B,$E$4,'Data - Monthly Metrics'!C:C,"Pierce",'Data - Monthly Metrics'!D:D,"New Sales Revenue - Non-Target ($)")=0,"-",SUMIFS('Data - Monthly Metrics'!E:E,'Data - Monthly Metrics'!A:A,$B$4,'Data - Monthly Metrics'!B:B,$E$4,'Data - Monthly Metrics'!C:C,"Pierce",'Data - Monthly Metrics'!D:D,"New Sales Revenue - Target ($)")+SUMIFS('Data - Monthly Metrics'!E:E,'Data - Monthly Metrics'!A:A,$B$4,'Data - Monthly Metrics'!B:B,$E$4,'Data - Monthly Metrics'!C:C,"Pierce",'Data - Monthly Metrics'!D:D,"New Sales Revenue - Non-Target ($)")) | E11: =IF(OR(NOT(ISNUMBER(C11)),C11=0),"-",D11/C11) | F11: =IF(COUNTIFS('Data - Monthly Metrics'!A:A,$B$4,'Data - Monthly Metrics'!B:B,$E$4,'Data - Monthly Metrics'!C:C,"Pierce",'Data - Monthly Metrics'!D:D,"Goal - New Members (#)")=0,"-",SUMIFS('Data - Monthly Metrics'!E:E,'Data - Monthly Metrics'!A:A,$B$4,'Data - Monthly Metrics'!B:B,$E$4,'Data - Monthly Metrics'!C:C,"Pierce",'Data - Monthly Metrics'!D:D,"Goal - New Members (#)")) | G11: =IF(COUNTIFS('Data - Monthly Metrics'!A:A,$B$4,'Data - Monthly Metrics'!B:B,$E$4,'Data - Monthly Metrics'!C:C,"Pierce",'Data - Monthly Metrics'!D:D,"New Members - Target (#)")=0,"-",SUMIFS('Data - Monthly Metrics'!E:E,'Data - Monthly Metrics'!A:A,$B$4,'Data - Monthly Metrics'!B:B,$E$4,'Data - Monthly Metrics'!C:C,"Pierce",'Data - Monthly Metrics'!D:D,"New Members - Target (#)")) | H11: =IF(COUNTIFS('Data - Monthly Metrics'!A:A,$B$4,'Data - Monthly Metrics'!B:B,$E$4,'Data - Monthly Metrics'!C:C,"Pierce",'Data - Monthly Metrics'!D:D,"New Members - Non-Target (#)")=0,"-",SUMIFS('Data - Monthly Metrics'!E:E,'Data - Monthly Metrics'!A:A,$B$4,'Data - Monthly Metrics'!B:B,$E$4,'Data - Monthly Metrics'!C:C,"Pierce",'Data - Monthly Metrics'!D:D,"New Members - Non-Target (#)")) | I11: =IF(COUNTIFS('Data - Monthly Metrics'!A:A,$B$4,'Data - Monthly Metrics'!B:B,$E$4,'Data - Monthly Metrics'!C:C,"Pierce",'Data - Monthly Metrics'!D:D,"Drops - Target (#)")=0,"-",SUMIFS('Data - Monthly Metrics'!E:E,'Data - Monthly Metrics'!A:A,$B$4,'Data - Monthly Metrics'!B:B,$E$4,'Data - Monthly Metrics'!C:C,"Pierce",'Data - Monthly Metrics'!D:D,"Drops - Target (#)")) | J11: =IF(COUNTIFS('Data - Monthly Metrics'!A:A,$B$4,'Data - Monthly Metrics'!B:B,$E$4,'Data - Monthly Metrics'!C:C,"Pierce",'Data - Monthly Metrics'!D:D,"Drops - Non-Target (#)")=0,"-",SUMIFS('Data - Monthly Metrics'!E:E,'Data - Monthly Metrics'!A:A,$B$4,'Data - Monthly Metrics'!B:B,$E$4,'Data - Monthly Metrics'!C:C,"Pierce",'Data - Monthly Metrics'!D:D,"Drops - Non-Target (#)")) | K11: =IFERROR((SUMIFS('Data - Monthly Metrics'!E:E,'Data - Monthly Metrics'!A:A,$B$4,'Data - Monthly Metrics'!B:B,$E$4,'Data - Monthly Metrics'!C:C,"Pierce",'Data - Monthly Metrics'!D:D,"Revenue Retained - Target ($)")+SUMIFS('Data - Monthly Metrics'!E:E,'Data - Monthly Metrics'!A:A,$B$4,'Data - Monthly Metrics'!B:B,$E$4,'Data - Monthly Metrics'!C:C,"Pierce",'Data - Monthly Metrics'!D:D,"Revenue Retained - Non-Target ($)"))/(SUMIFS('Data - Monthly Metrics'!E:E,'Data - Monthly Metrics'!A:A,$B$4,'Data - Monthly Metrics'!B:B,$E$4,'Data - Monthly Metrics'!C:C,"Pierce",'Data - Monthly Metrics'!D:D,"Revenue Up for Renewal - Target ($)")+SUMIFS('Data - Monthly Metrics'!E:E,'Data - Monthly Metrics'!A:A,$B$4,'Data - Monthly Metrics'!B:B,$E$4,'Data - Monthly Metrics'!C:C,"Pierce",'Data - Monthly Metrics'!D:D,"Revenue Up for Renewal - Non-Target ($)")),"-") | L11: =IF(COUNTIFS('Data - Monthly Metrics'!A:A,$B$4,'Data - Monthly Metrics'!B:B,$E$4,'Data - Monthly Metrics'!C:C,"Pierce",'Data - Monthly Metrics'!D:D,"Penetration - Combined %")=0,"-",SUMIFS('Data - Monthly Metrics'!E:E,'Data - Monthly Metrics'!A:A,$B$4,'Data - Monthly Metrics'!B:B,$E$4,'Data - Monthly Metrics'!C:C,"Pierce",'Data - Monthly Metrics'!D:D,"Penetration - Combined %")) | M11: =IFERROR((SUMIFS('Data - Monthly Metrics'!E:E,'Data - Monthly Metrics'!A:A,$B$4,'Data - Monthly Metrics'!B:B,$E$4,'Data - Monthly Metrics'!C:C,"Pierce",'Data - Monthly Metrics'!D:D,"Members Retained - Target (#)")+SUMIFS('Data - Monthly Metrics'!E:E,'Data - Monthly Metrics'!A:A,$B$4,'Data - Monthly Metrics'!B:B,$E$4,'Data - Monthly Metrics'!C:C,"Pierce",'Data - Monthly Metrics'!D:D,"Members Retained - Non-Target (#)"))/(SUMIFS('Data - Monthly Metrics'!E:E,'Data - Monthly Metrics'!A:A,$B$4,'Data - Monthly Metrics'!B:B,$E$4,'Data - Monthly Metrics'!C:C,"Pierce",'Data - Monthly Metrics'!D:D,"Members Up for Renewal - Target (#)")+SUMIFS('Data - Monthly Metrics'!E:E,'Data - Monthly Metrics'!A:A,$B$4,'Data - Monthly Metrics'!B:B,$E$4,'Data - Monthly Metrics'!C:C,"Pierce",'Data - Monthly Metrics'!D:D,"Members Up for Renewal - Non-Target (#)")),"-")
A12: Snohomish | C12: =IF(COUNTIFS('Data - Monthly Metrics'!A:A,$B$4,'Data - Monthly Metrics'!B:B,$E$4,'Data - Monthly Metrics'!C:C,"Snohomish",'Data - Monthly Metrics'!D:D,"Goal - New Sales Revenue ($)")=0,"-",SUMIFS('Data - Monthly Metrics'!E:E,'Data - Monthly Metrics'!A:A,$B$4,'Data - Monthly Metrics'!B:B,$E$4,'Data - Monthly Metrics'!C:C,"Snohomish",'Data - Monthly Metrics'!D:D,"Goal - New Sales Revenue ($)")) | D12: =IF(COUNTIFS('Data - Monthly Metrics'!A:A,$B$4,'Data - Monthly Metrics'!B:B,$E$4,'Data - Monthly Metrics'!C:C,"Snohomish",'Data - Monthly Metrics'!D:D,"New Sales Revenue - Target ($)")+SUMIFS('Data - Monthly Metrics'!E:E,'Data - Monthly Metrics'!A:A,$B$4,'Data - Monthly Metrics'!B:B,$E$4,'Data - Monthly Metrics'!C:C,"Snohomish",'Data - Monthly Metrics'!D:D,"New Sales Revenue - Non-Target ($)")=0,"-",SUMIFS('Data - Monthly Metrics'!E:E,'Data - Monthly Metrics'!A:A,$B$4,'Data - Monthly Metrics'!B:B,$E$4,'Data - Monthly Metrics'!C:C,"Snohomish",'Data - Monthly Metrics'!D:D,"New Sales Revenue - Target ($)")+SUMIFS('Data - Monthly Metrics'!E:E,'Data - Monthly Metrics'!A:A,$B$4,'Data - Monthly Metrics'!B:B,$E$4,'Data - Monthly Metrics'!C:C,"Snohomish",'Data - Monthly Metrics'!D:D,"New Sales Revenue - Non-Target ($)")) | E12: =IF(OR(NOT(ISNUMBER(C12)),C12=0),"-",D12/C12) | F12: =IF(COUNTIFS('Data - Monthly Metrics'!A:A,$B$4,'Data - Monthly Metrics'!B:B,$E$4,'Data - Monthly Metrics'!C:C,"Snohomish",'Data - Monthly Metrics'!D:D,"Goal - New Members (#)")=0,"-",SUMIFS('Data - Monthly Metrics'!E:E,'Data - Monthly Metrics'!A:A,$B$4,'Data - Monthly Metrics'!B:B,$E$4,'Data - Monthly Metrics'!C:C,"Snohomish",'Data - Monthly Metrics'!D:D,"Goal - New Members (#)")) | G12: =IF(COUNTIFS('Data - Monthly Metrics'!A:A,$B$4,'Data - Monthly Metrics'!B:B,$E$4,'Data - Monthly Metrics'!C:C,"Snohomish",'Data - Monthly Metrics'!D:D,"New Members - Target (#)")=0,"-",SUMIFS('Data - Monthly Metrics'!E:E,'Data - Monthly Metrics'!A:A,$B$4,'Data - Monthly Metrics'!B:B,$E$4,'Data - Monthly Metrics'!C:C,"Snohomish",'Data - Monthly Metrics'!D:D,"New Members - Target (#)")) | H12: =IF(COUNTIFS('Data - Monthly Metrics'!A:A,$B$4,'Data - Monthly Metrics'!B:B,$E$4,'Data - Monthly Metrics'!C:C,"Snohomish",'Data - Monthly Metrics'!D:D,"New Members - Non-Target (#)")=0,"-",SUMIFS('Data - Monthly Metrics'!E:E,'Data - Monthly Metrics'!A:A,$B$4,'Data - Monthly Metrics'!B:B,$E$4,'Data - Monthly Metrics'!C:C,"Snohomish",'Data - Monthly Metrics'!D:D,"New Members - Non-Target (#)")) | I12: =IF(COUNTIFS('Data - Monthly Metrics'!A:A,$B$4,'Data - Monthly Metrics'!B:B,$E$4,'Data - Monthly Metrics'!C:C,"Snohomish",'Data - Monthly Metrics'!D:D,"Drops - Target (#)")=0,"-",SUMIFS('Data - Monthly Metrics'!E:E,'Data - Monthly Metrics'!A:A,$B$4,'Data - Monthly Metrics'!B:B,$E$4,'Data - Monthly Metrics'!C:C,"Snohomish",'Data - Monthly Metrics'!D:D,"Drops - Target (#)")) | J12: =IF(COUNTIFS('Data - Monthly Metrics'!A:A,$B$4,'Data - Monthly Metrics'!B:B,$E$4,'Data - Monthly Metrics'!C:C,"Snohomish",'Data - Monthly Metrics'!D:D,"Drops - Non-Target (#)")=0,"-",SUMIFS('Data - Monthly Metrics'!E:E,'Data - Monthly Metrics'!A:A,$B$4,'Data - Monthly Metrics'!B:B,$E$4,'Data - Monthly Metrics'!C:C,"Snohomish",'Data - Monthly Metrics'!D:D,"Drops - Non-Target (#)")) | K12: =IFERROR((SUMIFS('Data - Monthly Metrics'!E:E,'Data - Monthly Metrics'!A:A,$B$4,'Data - Monthly Metrics'!B:B,$E$4,'Data - Monthly Metrics'!C:C,"Snohomish",'Data - Monthly Metrics'!D:D,"Revenue Retained - Target ($)")+SUMIFS('Data - Monthly Metrics'!E:E,'Data - Monthly Metrics'!A:A,$B$4,'Data - Monthly Metrics'!B:B,$E$4,'Data - Monthly Metrics'!C:C,"Snohomish",'Data - Monthly Metrics'!D:D,"Revenue Retained - Non-Target ($)"))/(SUMIFS('Data - Monthly Metrics'!E:E,'Data - Monthly Metrics'!A:A,$B$4,'Data - Monthly Metrics'!B:B,$E$4,'Data - Monthly Metrics'!C:C,"Snohomish",'Data - Monthly Metrics'!D:D,"Revenue Up for Renewal - Target ($)")+SUMIFS('Data - Monthly Metrics'!E:E,'Data - Monthly Metrics'!A:A,$B$4,'Data - Monthly Metrics'!B:B,$E$4,'Data - Monthly Metrics'!C:C,"Snohomish",'Data - Monthly Metrics'!D:D,"Revenue Up for Renewal - Non-Target ($)")),"-") | L12: =IF(COUNTIFS('Data - Monthly Metrics'!A:A,$B$4,'Data - Monthly Metrics'!B:B,$E$4,'Data - Monthly Metrics'!C:C,"Snohomish",'Data - Monthly Metrics'!D:D,"Penetration - Combined %")=0,"-",SUMIFS('Data - Monthly Metrics'!E:E,'Data - Monthly Metrics'!A:A,$B$4,'Data - Monthly Metrics'!B:B,$E$4,'Data - Monthly Metrics'!C:C,"Snohomish",'Data - Monthly Metrics'!D:D,"Penetration - Combined %")) | M12: =IFERROR((SUMIFS('Data - Monthly Metrics'!E:E,'Data - Monthly Metrics'!A:A,$B$4,'Data - Monthly Metrics'!B:B,$E$4,'Data - Monthly Metrics'!C:C,"Snohomish",'Data - Monthly Metrics'!D:D,"Members Retained - Target (#)")+SUMIFS('Data - Monthly Metrics'!E:E,'Data - Monthly Metrics'!A:A,$B$4,'Data - Monthly Metrics'!B:B,$E$4,'Data - Monthly Metrics'!C:C,"Snohomish",'Data - Monthly Metrics'!D:D,"Members Retained - Non-Target (#)"))/(SUMIFS('Data - Monthly Metrics'!E:E,'Data - Monthly Metrics'!A:A,$B$4,'Data - Monthly Metrics'!B:B,$E$4,'Data - Monthly Metrics'!C:C,"Snohomish",'Data - Monthly Metrics'!D:D,"Members Up for Renewal - Target (#)")+SUMIFS('Data - Monthly Metrics'!E:E,'Data - Monthly Metrics'!A:A,$B$4,'Data - Monthly Metrics'!B:B,$E$4,'Data - Monthly Metrics'!C:C,"Snohomish",'Data - Monthly Metrics'!D:D,"Members Up for Renewal - Non-Target (#)")),"-")
A13: Spokane/NE | C13: =IF(COUNTIFS('Data - Monthly Metrics'!A:A,$B$4,'Data - Monthly Metrics'!B:B,$E$4,'Data - Monthly Metrics'!C:C,"Spokane/NE",'Data - Monthly Metrics'!D:D,"Goal - New Sales Revenue ($)")=0,"-",SUMIFS('Data - Monthly Metrics'!E:E,'Data - Monthly Metrics'!A:A,$B$4,'Data - Monthly Metrics'!B:B,$E$4,'Data - Monthly Metrics'!C:C,"Spokane/NE",'Data - Monthly Metrics'!D:D,"Goal - New Sales Revenue ($)")) | D13: =IF(COUNTIFS('Data - Monthly Metrics'!A:A,$B$4,'Data - Monthly Metrics'!B:B,$E$4,'Data - Monthly Metrics'!C:C,"Spokane/NE",'Data - Monthly Metrics'!D:D,"New Sales Revenue - Target ($)")+SUMIFS('Data - Monthly Metrics'!E:E,'Data - Monthly Metrics'!A:A,$B$4,'Data - Monthly Metrics'!B:B,$E$4,'Data - Monthly Metrics'!C:C,"Spokane/NE",'Data - Monthly Metrics'!D:D,"New Sales Revenue - Non-Target ($)")=0,"-",SUMIFS('Data - Monthly Metrics'!E:E,'Data - Monthly Metrics'!A:A,$B$4,'Data - Monthly Metrics'!B:B,$E$4,'Data - Monthly Metrics'!C:C,"Spokane/NE",'Data - Monthly Metrics'!D:D,"New Sales Revenue - Target ($)")+SUMIFS('Data - Monthly Metrics'!E:E,'Data - Monthly Metrics'!A:A,$B$4,'Data - Monthly Metrics'!B:B,$E$4,'Data - Monthly Metrics'!C:C,"Spokane/NE",'Data - Monthly Metrics'!D:D,"New Sales Revenue - Non-Target ($)")) | E13: =IF(OR(NOT(ISNUMBER(C13)),C13=0),"-",D13/C13) | F13: =IF(COUNTIFS('Data - Monthly Metrics'!A:A,$B$4,'Data - Monthly Metrics'!B:B,$E$4,'Data - Monthly Metrics'!C:C,"Spokane/NE",'Data - Monthly Metrics'!D:D,"Goal - New Members (#)")=0,"-",SUMIFS('Data - Monthly Metrics'!E:E,'Data - Monthly Metrics'!A:A,$B$4,'Data - Monthly Metrics'!B:B,$E$4,'Data - Monthly Metrics'!C:C,"Spokane/NE",'Data - Monthly Metrics'!D:D,"Goal - New Members (#)")) | G13: =IF(COUNTIFS('Data - Monthly Metrics'!A:A,$B$4,'Data - Monthly Metrics'!B:B,$E$4,'Data - Monthly Metrics'!C:C,"Spokane/NE",'Data - Monthly Metrics'!D:D,"New Members - Target (#)")=0,"-",SUMIFS('Data - Monthly Metrics'!E:E,'Data - Monthly Metrics'!A:A,$B$4,'Data - Monthly Metrics'!B:B,$E$4,'Data - Monthly Metrics'!C:C,"Spokane/NE",'Data - Monthly Metrics'!D:D,"New Members - Target (#)")) | H13: =IF(COUNTIFS('Data - Monthly Metrics'!A:A,$B$4,'Data - Monthly Metrics'!B:B,$E$4,'Data - Monthly Metrics'!C:C,"Spokane/NE",'Data - Monthly Metrics'!D:D,"New Members - Non-Target (#)")=0,"-",SUMIFS('Data - Monthly Metrics'!E:E,'Data - Monthly Metrics'!A:A,$B$4,'Data - Monthly Metrics'!B:B,$E$4,'Data - Monthly Metrics'!C:C,"Spokane/NE",'Data - Monthly Metrics'!D:D,"New Members - Non-Target (#)")) | I13: =IF(COUNTIFS('Data - Monthly Metrics'!A:A,$B$4,'Data - Monthly Metrics'!B:B,$E$4,'Data - Monthly Metrics'!C:C,"Spokane/NE",'Data - Monthly Metrics'!D:D,"Drops - Target (#)")=0,"-",SUMIFS('Data - Monthly Metrics'!E:E,'Data - Monthly Metrics'!A:A,$B$4,'Data - Monthly Metrics'!B:B,$E$4,'Data - Monthly Metrics'!C:C,"Spokane/NE",'Data - Monthly Metrics'!D:D,"Drops - Target (#)")) | J13: =IF(COUNTIFS('Data - Monthly Metrics'!A:A,$B$4,'Data - Monthly Metrics'!B:B,$E$4,'Data - Monthly Metrics'!C:C,"Spokane/NE",'Data - Monthly Metrics'!D:D,"Drops - Non-Target (#)")=0,"-",SUMIFS('Data - Monthly Metrics'!E:E,'Data - Monthly Metrics'!A:A,$B$4,'Data - Monthly Metrics'!B:B,$E$4,'Data - Monthly Metrics'!C:C,"Spokane/NE",'Data - Monthly Metrics'!D:D,"Drops - Non-Target (#)")) | K13: =IFERROR((SUMIFS('Data - Monthly Metrics'!E:E,'Data - Monthly Metrics'!A:A,$B$4,'Data - Monthly Metrics'!B:B,$E$4,'Data - Monthly Metrics'!C:C,"Spokane/NE",'Data - Monthly Metrics'!D:D,"Revenue Retained - Target ($)")+SUMIFS('Data - Monthly Metrics'!E:E,'Data - Monthly Metrics'!A:A,$B$4,'Data - Monthly Metrics'!B:B,$E$4,'Data - Monthly Metrics'!C:C,"Spokane/NE",'Data - Monthly Metrics'!D:D,"Revenue Retained - Non-Target ($)"))/(SUMIFS('Data - Monthly Metrics'!E:E,'Data - Monthly Metrics'!A:A,$B$4,'Data - Monthly Metrics'!B:B,$E$4,'Data - Monthly Metrics'!C:C,"Spokane/NE",'Data - Monthly Metrics'!D:D,"Revenue Up for Renewal - Target ($)")+SUMIFS('Data - Monthly Metrics'!E:E,'Data - Monthly Metrics'!A:A,$B$4,'Data - Monthly Metrics'!B:B,$E$4,'Data - Monthly Metrics'!C:C,"Spokane/NE",'Data - Monthly Metrics'!D:D,"Revenue Up for Renewal - Non-Target ($)")),"-") | L13: =IF(COUNTIFS('Data - Monthly Metrics'!A:A,$B$4,'Data - Monthly Metrics'!B:B,$E$4,'Data - Monthly Metrics'!C:C,"Spokane/NE",'Data - Monthly Metrics'!D:D,"Penetration - Combined %")=0,"-",SUMIFS('Data - Monthly Metrics'!E:E,'Data - Monthly Metrics'!A:A,$B$4,'Data - Monthly Metrics'!B:B,$E$4,'Data - Monthly Metrics'!C:C,"Spokane/NE",'Data - Monthly Metrics'!D:D,"Penetration - Combined %")) | M13: =IFERROR((SUMIFS('Data - Monthly Metrics'!E:E,'Data - Monthly Metrics'!A:A,$B$4,'Data - Monthly Metrics'!B:B,$E$4,'Data - Monthly Metrics'!C:C,"Spokane/NE",'Data - Monthly Metrics'!D:D,"Members Retained - Target (#)")+SUMIFS('Data - Monthly Metrics'!E:E,'Data - Monthly Metrics'!A:A,$B$4,'Data - Monthly Metrics'!B:B,$E$4,'Data - Monthly Metrics'!C:C,"Spokane/NE",'Data - Monthly Metrics'!D:D,"Members Retained - Non-Target (#)"))/(SUMIFS('Data - Monthly Metrics'!E:E,'Data - Monthly Metrics'!A:A,$B$4,'Data - Monthly Metrics'!B:B,$E$4,'Data - Monthly Metrics'!C:C,"Spokane/NE",'Data - Monthly Metrics'!D:D,"Members Up for Renewal - Target (#)")+SUMIFS('Data - Monthly Metrics'!E:E,'Data - Monthly Metrics'!A:A,$B$4,'Data - Monthly Metrics'!B:B,$E$4,'Data - Monthly Metrics'!C:C,"Spokane/NE",'Data - Monthly Metrics'!D:D,"Members Up for Renewal - Non-Target (#)")),"-")
A14: Southwest | C14: =IF(COUNTIFS('Data - Monthly Metrics'!A:A,$B$4,'Data - Monthly Metrics'!B:B,$E$4,'Data - Monthly Metrics'!C:C,"Southwest",'Data - Monthly Metrics'!D:D,"Goal - New Sales Revenue ($)")=0,"-",SUMIFS('Data - Monthly Metrics'!E:E,'Data - Monthly Metrics'!A:A,$B$4,'Data - Monthly Metrics'!B:B,$E$4,'Data - Monthly Metrics'!C:C,"Southwest",'Data - Monthly Metrics'!D:D,"Goal - New Sales Revenue ($)")) | D14: =IF(COUNTIFS('Data - Monthly Metrics'!A:A,$B$4,'Data - Monthly Metrics'!B:B,$E$4,'Data - Monthly Metrics'!C:C,"Southwest",'Data - Monthly Metrics'!D:D,"New Sales Revenue - Target ($)")+SUMIFS('Data - Monthly Metrics'!E:E,'Data - Monthly Metrics'!A:A,$B$4,'Data - Monthly Metrics'!B:B,$E$4,'Data - Monthly Metrics'!C:C,"Southwest",'Data - Monthly Metrics'!D:D,"New Sales Revenue - Non-Target ($)")=0,"-",SUMIFS('Data - Monthly Metrics'!E:E,'Data - Monthly Metrics'!A:A,$B$4,'Data - Monthly Metrics'!B:B,$E$4,'Data - Monthly Metrics'!C:C,"Southwest",'Data - Monthly Metrics'!D:D,"New Sales Revenue - Target ($)")+SUMIFS('Data - Monthly Metrics'!E:E,'Data - Monthly Metrics'!A:A,$B$4,'Data - Monthly Metrics'!B:B,$E$4,'Data - Monthly Metrics'!C:C,"Southwest",'Data - Monthly Metrics'!D:D,"New Sales Revenue - Non-Target ($)")) | E14: =IF(OR(NOT(ISNUMBER(C14)),C14=0),"-",D14/C14) | F14: =IF(COUNTIFS('Data - Monthly Metrics'!A:A,$B$4,'Data - Monthly Metrics'!B:B,$E$4,'Data - Monthly Metrics'!C:C,"Southwest",'Data - Monthly Metrics'!D:D,"Goal - New Members (#)")=0,"-",SUMIFS('Data - Monthly Metrics'!E:E,'Data - Monthly Metrics'!A:A,$B$4,'Data - Monthly Metrics'!B:B,$E$4,'Data - Monthly Metrics'!C:C,"Southwest",'Data - Monthly Metrics'!D:D,"Goal - New Members (#)")) | G14: =IF(COUNTIFS('Data - Monthly Metrics'!A:A,$B$4,'Data - Monthly Metrics'!B:B,$E$4,'Data - Monthly Metrics'!C:C,"Southwest",'Data - Monthly Metrics'!D:D,"New Members - Target (#)")=0,"-",SUMIFS('Data - Monthly Metrics'!E:E,'Data - Monthly Metrics'!A:A,$B$4,'Data - Monthly Metrics'!B:B,$E$4,'Data - Monthly Metrics'!C:C,"Southwest",'Data - Monthly Metrics'!D:D,"New Members - Target (#)")) | H14: =IF(COUNTIFS('Data - Monthly Metrics'!A:A,$B$4,'Data - Monthly Metrics'!B:B,$E$4,'Data - Monthly Metrics'!C:C,"Southwest",'Data - Monthly Metrics'!D:D,"New Members - Non-Target (#)")=0,"-",SUMIFS('Data - Monthly Metrics'!E:E,'Data - Monthly Metrics'!A:A,$B$4,'Data - Monthly Metrics'!B:B,$E$4,'Data - Monthly Metrics'!C:C,"Southwest",'Data - Monthly Metrics'!D:D,"New Members - Non-Target (#)")) | I14: =IF(COUNTIFS('Data - Monthly Metrics'!A:A,$B$4,'Data - Monthly Metrics'!B:B,$E$4,'Data - Monthly Metrics'!C:C,"Southwest",'Data - Monthly Metrics'!D:D,"Drops - Target (#)")=0,"-",SUMIFS('Data - Monthly Metrics'!E:E,'Data - Monthly Metrics'!A:A,$B$4,'Data - Monthly Metrics'!B:B,$E$4,'Data - Monthly Metrics'!C:C,"Southwest",'Data - Monthly Metrics'!D:D,"Drops - Target (#)")) | J14: =IF(COUNTIFS('Data - Monthly Metrics'!A:A,$B$4,'Data - Monthly Metrics'!B:B,$E$4,'Data - Monthly Metrics'!C:C,"Southwest",'Data - Monthly Metrics'!D:D,"Drops - Non-Target (#)")=0,"-",SUMIFS('Data - Monthly Metrics'!E:E,'Data - Monthly Metrics'!A:A,$B$4,'Data - Monthly Metrics'!B:B,$E$4,'Data - Monthly Metrics'!C:C,"Southwest",'Data - Monthly Metrics'!D:D,"Drops - Non-Target (#)")) | K14: =IFERROR((SUMIFS('Data - Monthly Metrics'!E:E,'Data - Monthly Metrics'!A:A,$B$4,'Data - Monthly Metrics'!B:B,$E$4,'Data - Monthly Metrics'!C:C,"Southwest",'Data - Monthly Metrics'!D:D,"Revenue Retained - Target ($)")+SUMIFS('Data - Monthly Metrics'!E:E,'Data - Monthly Metrics'!A:A,$B$4,'Data - Monthly Metrics'!B:B,$E$4,'Data - Monthly Metrics'!C:C,"Southwest",'Data - Monthly Metrics'!D:D,"Revenue Retained - Non-Target ($)"))/(SUMIFS('Data - Monthly Metrics'!E:E,'Data - Monthly Metrics'!A:A,$B$4,'Data - Monthly Metrics'!B:B,$E$4,'Data - Monthly Metrics'!C:C,"Southwest",'Data - Monthly Metrics'!D:D,"Revenue Up for Renewal - Target ($)")+SUMIFS('Data - Monthly Metrics'!E:E,'Data - Monthly Metrics'!A:A,$B$4,'Data - Monthly Metrics'!B:B,$E$4,'Data - Monthly Metrics'!C:C,"Southwest",'Data - Monthly Metrics'!D:D,"Revenue Up for Renewal - Non-Target ($)")),"-") | L14: =IF(COUNTIFS('Data - Monthly Metrics'!A:A,$B$4,'Data - Monthly Metrics'!B:B,$E$4,'Data - Monthly Metrics'!C:C,"Southwest",'Data - Monthly Metrics'!D:D,"Penetration - Combined %")=0,"-",SUMIFS('Data - Monthly Metrics'!E:E,'Data - Monthly Metrics'!A:A,$B$4,'Data - Monthly Metrics'!B:B,$E$4,'Data - Monthly Metrics'!C:C,"Southwest",'Data - Monthly Metrics'!D:D,"Penetration - Combined %")) | M14: =IFERROR((SUMIFS('Data - Monthly Metrics'!E:E,'Data - Monthly Metrics'!A:A,$B$4,'Data - Monthly Metrics'!B:B,$E$4,'Data - Monthly Metrics'!C:C,"Southwest",'Data - Monthly Metrics'!D:D,"Members Retained - Target (#)")+SUMIFS('Data - Monthly Metrics'!E:E,'Data - Monthly Metrics'!A:A,$B$4,'Data - Monthly Metrics'!B:B,$E$4,'Data - Monthly Metrics'!C:C,"Southwest",'Data - Monthly Metrics'!D:D,"Members Retained - Non-Target (#)"))/(SUMIFS('Data - Monthly Metrics'!E:E,'Data - Monthly Metrics'!A:A,$B$4,'Data - Monthly Metrics'!B:B,$E$4,'Data - Monthly Metrics'!C:C,"Southwest",'Data - Monthly Metrics'!D:D,"Members Up for Renewal - Target (#)")+SUMIFS('Data - Monthly Metrics'!E:E,'Data - Monthly Metrics'!A:A,$B$4,'Data - Monthly Metrics'!B:B,$E$4,'Data - Monthly Metrics'!C:C,"Southwest",'Data - Monthly Metrics'!D:D,"Members Up for Renewal - Non-Target (#)")),"-")
A15: TKP | C15: =IF(COUNTIFS('Data - Monthly Metrics'!A:A,$B$4,'Data - Monthly Metrics'!B:B,$E$4,'Data - Monthly Metrics'!C:C,"TKP",'Data - Monthly Metrics'!D:D,"Goal - New Sales Revenue ($)")=0,"-",SUMIFS('Data - Monthly Metrics'!E:E,'Data - Monthly Metrics'!A:A,$B$4,'Data - Monthly Metrics'!B:B,$E$4,'Data - Monthly Metrics'!C:C,"TKP",'Data - Monthly Metrics'!D:D,"Goal - New Sales Revenue ($)")) | D15: =IF(COUNTIFS('Data - Monthly Metrics'!A:A,$B$4,'Data - Monthly Metrics'!B:B,$E$4,'Data - Monthly Metrics'!C:C,"TKP",'Data - Monthly Metrics'!D:D,"New Sales Revenue - Target ($)")+SUMIFS('Data - Monthly Metrics'!E:E,'Data - Monthly Metrics'!A:A,$B$4,'Data - Monthly Metrics'!B:B,$E$4,'Data - Monthly Metrics'!C:C,"TKP",'Data - Monthly Metrics'!D:D,"New Sales Revenue - Non-Target ($)")=0,"-",SUMIFS('Data - Monthly Metrics'!E:E,'Data - Monthly Metrics'!A:A,$B$4,'Data - Monthly Metrics'!B:B,$E$4,'Data - Monthly Metrics'!C:C,"TKP",'Data - Monthly Metrics'!D:D,"New Sales Revenue - Target ($)")+SUMIFS('Data - Monthly Metrics'!E:E,'Data - Monthly Metrics'!A:A,$B$4,'Data - Monthly Metrics'!B:B,$E$4,'Data - Monthly Metrics'!C:C,"TKP",'Data - Monthly Metrics'!D:D,"New Sales Revenue - Non-Target ($)")) | E15: =IF(OR(NOT(ISNUMBER(C15)),C15=0),"-",D15/C15) | F15: =IF(COUNTIFS('Data - Monthly Metrics'!A:A,$B$4,'Data - Monthly Metrics'!B:B,$E$4,'Data - Monthly Metrics'!C:C,"TKP",'Data - Monthly Metrics'!D:D,"Goal - New Members (#)")=0,"-",SUMIFS('Data - Monthly Metrics'!E:E,'Data - Monthly Metrics'!A:A,$B$4,'Data - Monthly Metrics'!B:B,$E$4,'Data - Monthly Metrics'!C:C,"TKP",'Data - Monthly Metrics'!D:D,"Goal - New Members (#)")) | G15: =IF(COUNTIFS('Data - Monthly Metrics'!A:A,$B$4,'Data - Monthly Metrics'!B:B,$E$4,'Data - Monthly Metrics'!C:C,"TKP",'Data - Monthly Metrics'!D:D,"New Members - Target (#)")=0,"-",SUMIFS('Data - Monthly Metrics'!E:E,'Data - Monthly Metrics'!A:A,$B$4,'Data - Monthly Metrics'!B:B,$E$4,'Data - Monthly Metrics'!C:C,"TKP",'Data - Monthly Metrics'!D:D,"New Members - Target (#)")) | H15: =IF(COUNTIFS('Data - Monthly Metrics'!A:A,$B$4,'Data - Monthly Metrics'!B:B,$E$4,'Data - Monthly Metrics'!C:C,"TKP",'Data - Monthly Metrics'!D:D,"New Members - Non-Target (#)")=0,"-",SUMIFS('Data - Monthly Metrics'!E:E,'Data - Monthly Metrics'!A:A,$B$4,'Data - Monthly Metrics'!B:B,$E$4,'Data - Monthly Metrics'!C:C,"TKP",'Data - Monthly Metrics'!D:D,"New Members - Non-Target (#)")) | I15: =IF(COUNTIFS('Data - Monthly Metrics'!A:A,$B$4,'Data - Monthly Metrics'!B:B,$E$4,'Data - Monthly Metrics'!C:C,"TKP",'Data - Monthly Metrics'!D:D,"Drops - Target (#)")=0,"-",SUMIFS('Data - Monthly Metrics'!E:E,'Data - Monthly Metrics'!A:A,$B$4,'Data - Monthly Metrics'!B:B,$E$4,'Data - Monthly Metrics'!C:C,"TKP",'Data - Monthly Metrics'!D:D,"Drops - Target (#)")) | J15: =IF(COUNTIFS('Data - Monthly Metrics'!A:A,$B$4,'Data - Monthly Metrics'!B:B,$E$4,'Data - Monthly Metrics'!C:C,"TKP",'Data - Monthly Metrics'!D:D,"Drops - Non-Target (#)")=0,"-",SUMIFS('Data - Monthly Metrics'!E:E,'Data - Monthly Metrics'!A:A,$B$4,'Data - Monthly Metrics'!B:B,$E$4,'Data - Monthly Metrics'!C:C,"TKP",'Data - Monthly Metrics'!D:D,"Drops - Non-Target (#)")) | K15: =IFERROR((SUMIFS('Data - Monthly Metrics'!E:E,'Data - Monthly Metrics'!A:A,$B$4,'Data - Monthly Metrics'!B:B,$E$4,'Data - Monthly Metrics'!C:C,"TKP",'Data - Monthly Metrics'!D:D,"Revenue Retained - Target ($)")+SUMIFS('Data - Monthly Metrics'!E:E,'Data - Monthly Metrics'!A:A,$B$4,'Data - Monthly Metrics'!B:B,$E$4,'Data - Monthly Metrics'!C:C,"TKP",'Data - Monthly Metrics'!D:D,"Revenue Retained - Non-Target ($)"))/(SUMIFS('Data - Monthly Metrics'!E:E,'Data - Monthly Metrics'!A:A,$B$4,'Data - Monthly Metrics'!B:B,$E$4,'Data - Monthly Metrics'!C:C,"TKP",'Data - Monthly Metrics'!D:D,"Revenue Up for Renewal - Target ($)")+SUMIFS('Data - Monthly Metrics'!E:E,'Data - Monthly Metrics'!A:A,$B$4,'Data - Monthly Metrics'!B:B,$E$4,'Data - Monthly Metrics'!C:C,"TKP",'Data - Monthly Metrics'!D:D,"Revenue Up for Renewal - Non-Target ($)")),"-") | L15: =IF(COUNTIFS('Data - Monthly Metrics'!A:A,$B$4,'Data - Monthly Metrics'!B:B,$E$4,'Data - Monthly Metrics'!C:C,"TKP",'Data - Monthly Metrics'!D:D,"Penetration - Combined %")=0,"-",SUMIFS('Data - Monthly Metrics'!E:E,'Data - Monthly Metrics'!A:A,$B$4,'Data - Monthly Metrics'!B:B,$E$4,'Data - Monthly Metrics'!C:C,"TKP",'Data - Monthly Metrics'!D:D,"Penetration - Combined %")) | M15: =IFERROR((SUMIFS('Data - Monthly Metrics'!E:E,'Data - Monthly Metrics'!A:A,$B$4,'Data - Monthly Metrics'!B:B,$E$4,'Data - Monthly Metrics'!C:C,"TKP",'Data - Monthly Metrics'!D:D,"Members Retained - Target (#)")+SUMIFS('Data - Monthly Metrics'!E:E,'Data - Monthly Metrics'!A:A,$B$4,'Data - Monthly Metrics'!B:B,$E$4,'Data - Monthly Metrics'!C:C,"TKP",'Data - Monthly Metrics'!D:D,"Members Retained - Non-Target (#)"))/(SUMIFS('Data - Monthly Metrics'!E:E,'Data - Monthly Metrics'!A:A,$B$4,'Data - Monthly Metrics'!B:B,$E$4,'Data - Monthly Metrics'!C:C,"TKP",'Data - Monthly Metrics'!D:D,"Members Up for Renewal - Target (#)")+SUMIFS('Data - Monthly Metrics'!E:E,'Data - Monthly Metrics'!A:A,$B$4,'Data - Monthly Metrics'!B:B,$E$4,'Data - Monthly Metrics'!C:C,"TKP",'Data - Monthly Metrics'!D:D,"Members Up for Renewal - Non-Target (#)")),"-")
A16: Southeast | C16: =IF(COUNTIFS('Data - Monthly Metrics'!A:A,$B$4,'Data - Monthly Metrics'!B:B,$E$4,'Data - Monthly Metrics'!C:C,"Southeast",'Data - Monthly Metrics'!D:D,"Goal - New Sales Revenue ($)")=0,"-",SUMIFS('Data - Monthly Metrics'!E:E,'Data - Monthly Metrics'!A:A,$B$4,'Data - Monthly Metrics'!B:B,$E$4,'Data - Monthly Metrics'!C:C,"Southeast",'Data - Monthly Metrics'!D:D,"Goal - New Sales Revenue ($)")) | D16: =IF(COUNTIFS('Data - Monthly Metrics'!A:A,$B$4,'Data - Monthly Metrics'!B:B,$E$4,'Data - Monthly Metrics'!C:C,"Southeast",'Data - Monthly Metrics'!D:D,"New Sales Revenue - Target ($)")+SUMIFS('Data - Monthly Metrics'!E:E,'Data - Monthly Metrics'!A:A,$B$4,'Data - Monthly Metrics'!B:B,$E$4,'Data - Monthly Metrics'!C:C,"Southeast",'Data - Monthly Metrics'!D:D,"New Sales Revenue - Non-Target ($)")=0,"-",SUMIFS('Data - Monthly Metrics'!E:E,'Data - Monthly Metrics'!A:A,$B$4,'Data - Monthly Metrics'!B:B,$E$4,'Data - Monthly Metrics'!C:C,"Southeast",'Data - Monthly Metrics'!D:D,"New Sales Revenue - Target ($)")+SUMIFS('Data - Monthly Metrics'!E:E,'Data - Monthly Metrics'!A:A,$B$4,'Data - Monthly Metrics'!B:B,$E$4,'Data - Monthly Metrics'!C:C,"Southeast",'Data - Monthly Metrics'!D:D,"New Sales Revenue - Non-Target ($)")) | E16: =IF(OR(NOT(ISNUMBER(C16)),C16=0),"-",D16/C16) | F16: =IF(COUNTIFS('Data - Monthly Metrics'!A:A,$B$4,'Data - Monthly Metrics'!B:B,$E$4,'Data - Monthly Metrics'!C:C,"Southeast",'Data - Monthly Metrics'!D:D,"Goal - New Members (#)")=0,"-",SUMIFS('Data - Monthly Metrics'!E:E,'Data - Monthly Metrics'!A:A,$B$4,'Data - Monthly Metrics'!B:B,$E$4,'Data - Monthly Metrics'!C:C,"Southeast",'Data - Monthly Metrics'!D:D,"Goal - New Members (#)")) | G16: =IF(COUNTIFS('Data - Monthly Metrics'!A:A,$B$4,'Data - Monthly Metrics'!B:B,$E$4,'Data - Monthly Metrics'!C:C,"Southeast",'Data - Monthly Metrics'!D:D,"New Members - Target (#)")=0,"-",SUMIFS('Data - Monthly Metrics'!E:E,'Data - Monthly Metrics'!A:A,$B$4,'Data - Monthly Metrics'!B:B,$E$4,'Data - Monthly Metrics'!C:C,"Southeast",'Data - Monthly Metrics'!D:D,"New Members - Target (#)")) | H16: =IF(COUNTIFS('Data - Monthly Metrics'!A:A,$B$4,'Data - Monthly Metrics'!B:B,$E$4,'Data - Monthly Metrics'!C:C,"Southeast",'Data - Monthly Metrics'!D:D,"New Members - Non-Target (#)")=0,"-",SUMIFS('Data - Monthly Metrics'!E:E,'Data - Monthly Metrics'!A:A,$B$4,'Data - Monthly Metrics'!B:B,$E$4,'Data - Monthly Metrics'!C:C,"Southeast",'Data - Monthly Metrics'!D:D,"New Members - Non-Target (#)")) | I16: =IF(COUNTIFS('Data - Monthly Metrics'!A:A,$B$4,'Data - Monthly Metrics'!B:B,$E$4,'Data - Monthly Metrics'!C:C,"Southeast",'Data - Monthly Metrics'!D:D,"Drops - Target (#)")=0,"-",SUMIFS('Data - Monthly Metrics'!E:E,'Data - Monthly Metrics'!A:A,$B$4,'Data - Monthly Metrics'!B:B,$E$4,'Data - Monthly Metrics'!C:C,"Southeast",'Data - Monthly Metrics'!D:D,"Drops - Target (#)")) | J16: =IF(COUNTIFS('Data - Monthly Metrics'!A:A,$B$4,'Data - Monthly Metrics'!B:B,$E$4,'Data - Monthly Metrics'!C:C,"Southeast",'Data - Monthly Metrics'!D:D,"Drops - Non-Target (#)")=0,"-",SUMIFS('Data - Monthly Metrics'!E:E,'Data - Monthly Metrics'!A:A,$B$4,'Data - Monthly Metrics'!B:B,$E$4,'Data - Monthly Metrics'!C:C,"Southeast",'Data - Monthly Metrics'!D:D,"Drops - Non-Target (#)")) | K16: =IFERROR((SUMIFS('Data - Monthly Metrics'!E:E,'Data - Monthly Metrics'!A:A,$B$4,'Data - Monthly Metrics'!B:B,$E$4,'Data - Monthly Metrics'!C:C,"Southeast",'Data - Monthly Metrics'!D:D,"Revenue Retained - Target ($)")+SUMIFS('Data - Monthly Metrics'!E:E,'Data - Monthly Metrics'!A:A,$B$4,'Data - Monthly Metrics'!B:B,$E$4,'Data - Monthly Metrics'!C:C,"Southeast",'Data - Monthly Metrics'!D:D,"Revenue Retained - Non-Target ($)"))/(SUMIFS('Data - Monthly Metrics'!E:E,'Data - Monthly Metrics'!A:A,$B$4,'Data - Monthly Metrics'!B:B,$E$4,'Data - Monthly Metrics'!C:C,"Southeast",'Data - Monthly Metrics'!D:D,"Revenue Up for Renewal - Target ($)")+SUMIFS('Data - Monthly Metrics'!E:E,'Data - Monthly Metrics'!A:A,$B$4,'Data - Monthly Metrics'!B:B,$E$4,'Data - Monthly Metrics'!C:C,"Southeast",'Data - Monthly Metrics'!D:D,"Revenue Up for Renewal - Non-Target ($)")),"-") | L16: =IF(COUNTIFS('Data - Monthly Metrics'!A:A,$B$4,'Data - Monthly Metrics'!B:B,$E$4,'Data - Monthly Metrics'!C:C,"Southeast",'Data - Monthly Metrics'!D:D,"Penetration - Combined %")=0,"-",SUMIFS('Data - Monthly Metrics'!E:E,'Data - Monthly Metrics'!A:A,$B$4,'Data - Monthly Metrics'!B:B,$E$4,'Data - Monthly Metrics'!C:C,"Southeast",'Data - Monthly Metrics'!D:D,"Penetration - Combined %")) | M16: =IFERROR((SUMIFS('Data - Monthly Metrics'!E:E,'Data - Monthly Metrics'!A:A,$B$4,'Data - Monthly Metrics'!B:B,$E$4,'Data - Monthly Metrics'!C:C,"Southeast",'Data - Monthly Metrics'!D:D,"Members Retained - Target (#)")+SUMIFS('Data - Monthly Metrics'!E:E,'Data - Monthly Metrics'!A:A,$B$4,'Data - Monthly Metrics'!B:B,$E$4,'Data - Monthly Metrics'!C:C,"Southeast",'Data - Monthly Metrics'!D:D,"Members Retained - Non-Target (#)"))/(SUMIFS('Data - Monthly Metrics'!E:E,'Data - Monthly Metrics'!A:A,$B$4,'Data - Monthly Metrics'!B:B,$E$4,'Data - Monthly Metrics'!C:C,"Southeast",'Data - Monthly Metrics'!D:D,"Members Up for Renewal - Target (#)")+SUMIFS('Data - Monthly Metrics'!E:E,'Data - Monthly Metrics'!A:A,$B$4,'Data - Monthly Metrics'!B:B,$E$4,'Data - Monthly Metrics'!C:C,"Southeast",'Data - Monthly Metrics'!D:D,"Members Up for Renewal - Non-Target (#)")),"-")
A17: NorthCentral | C17: =IF(COUNTIFS('Data - Monthly Metrics'!A:A,$B$4,'Data - Monthly Metrics'!B:B,$E$4,'Data - Monthly Metrics'!C:C,"NorthCentral",'Data - Monthly Metrics'!D:D,"Goal - New Sales Revenue ($)")=0,"-",SUMIFS('Data - Monthly Metrics'!E:E,'Data - Monthly Metrics'!A:A,$B$4,'Data - Monthly Metrics'!B:B,$E$4,'Data - Monthly Metrics'!C:C,"NorthCentral",'Data - Monthly Metrics'!D:D,"Goal - New Sales Revenue ($)")) | D17: =IF(COUNTIFS('Data - Monthly Metrics'!A:A,$B$4,'Data - Monthly Metrics'!B:B,$E$4,'Data - Monthly Metrics'!C:C,"NorthCentral",'Data - Monthly Metrics'!D:D,"New Sales Revenue - Target ($)")+SUMIFS('Data - Monthly Metrics'!E:E,'Data - Monthly Metrics'!A:A,$B$4,'Data - Monthly Metrics'!B:B,$E$4,'Data - Monthly Metrics'!C:C,"NorthCentral",'Data - Monthly Metrics'!D:D,"New Sales Revenue - Non-Target ($)")=0,"-",SUMIFS('Data - Monthly Metrics'!E:E,'Data - Monthly Metrics'!A:A,$B$4,'Data - Monthly Metrics'!B:B,$E$4,'Data - Monthly Metrics'!C:C,"NorthCentral",'Data - Monthly Metrics'!D:D,"New Sales Revenue - Target ($)")+SUMIFS('Data - Monthly Metrics'!E:E,'Data - Monthly Metrics'!A:A,$B$4,'Data - Monthly Metrics'!B:B,$E$4,'Data - Monthly Metrics'!C:C,"NorthCentral",'Data - Monthly Metrics'!D:D,"New Sales Revenue - Non-Target ($)")) | E17: =IF(OR(NOT(ISNUMBER(C17)),C17=0),"-",D17/C17) | F17: =IF(COUNTIFS('Data - Monthly Metrics'!A:A,$B$4,'Data - Monthly Metrics'!B:B,$E$4,'Data - Monthly Metrics'!C:C,"NorthCentral",'Data - Monthly Metrics'!D:D,"Goal - New Members (#)")=0,"-",SUMIFS('Data - Monthly Metrics'!E:E,'Data - Monthly Metrics'!A:A,$B$4,'Data - Monthly Metrics'!B:B,$E$4,'Data - Monthly Metrics'!C:C,"NorthCentral",'Data - Monthly Metrics'!D:D,"Goal - New Members (#)")) | G17: =IF(COUNTIFS('Data - Monthly Metrics'!A:A,$B$4,'Data - Monthly Metrics'!B:B,$E$4,'Data - Monthly Metrics'!C:C,"NorthCentral",'Data - Monthly Metrics'!D:D,"New Members - Target (#)")=0,"-",SUMIFS('Data - Monthly Metrics'!E:E,'Data - Monthly Metrics'!A:A,$B$4,'Data - Monthly Metrics'!B:B,$E$4,'Data - Monthly Metrics'!C:C,"NorthCentral",'Data - Monthly Metrics'!D:D,"New Members - Target (#)")) | H17: =IF(COUNTIFS('Data - Monthly Metrics'!A:A,$B$4,'Data - Monthly Metrics'!B:B,$E$4,'Data - Monthly Metrics'!C:C,"NorthCentral",'Data - Monthly Metrics'!D:D,"New Members - Non-Target (#)")=0,"-",SUMIFS('Data - Monthly Metrics'!E:E,'Data - Monthly Metrics'!A:A,$B$4,'Data - Monthly Metrics'!B:B,$E$4,'Data - Monthly Metrics'!C:C,"NorthCentral",'Data - Monthly Metrics'!D:D,"New Members - Non-Target (#)")) | I17: =IF(COUNTIFS('Data - Monthly Metrics'!A:A,$B$4,'Data - Monthly Metrics'!B:B,$E$4,'Data - Monthly Metrics'!C:C,"NorthCentral",'Data - Monthly Metrics'!D:D,"Drops - Target (#)")=0,"-",SUMIFS('Data - Monthly Metrics'!E:E,'Data - Monthly Metrics'!A:A,$B$4,'Data - Monthly Metrics'!B:B,$E$4,'Data - Monthly Metrics'!C:C,"NorthCentral",'Data - Monthly Metrics'!D:D,"Drops - Target (#)")) | J17: =IF(COUNTIFS('Data - Monthly Metrics'!A:A,$B$4,'Data - Monthly Metrics'!B:B,$E$4,'Data - Monthly Metrics'!C:C,"NorthCentral",'Data - Monthly Metrics'!D:D,"Drops - Non-Target (#)")=0,"-",SUMIFS('Data - Monthly Metrics'!E:E,'Data - Monthly Metrics'!A:A,$B$4,'Data - Monthly Metrics'!B:B,$E$4,'Data - Monthly Metrics'!C:C,"NorthCentral",'Data - Monthly Metrics'!D:D,"Drops - Non-Target (#)")) | K17: =IFERROR((SUMIFS('Data - Monthly Metrics'!E:E,'Data - Monthly Metrics'!A:A,$B$4,'Data - Monthly Metrics'!B:B,$E$4,'Data - Monthly Metrics'!C:C,"NorthCentral",'Data - Monthly Metrics'!D:D,"Revenue Retained - Target ($)")+SUMIFS('Data - Monthly Metrics'!E:E,'Data - Monthly Metrics'!A:A,$B$4,'Data - Monthly Metrics'!B:B,$E$4,'Data - Monthly Metrics'!C:C,"NorthCentral",'Data - Monthly Metrics'!D:D,"Revenue Retained - Non-Target ($)"))/(SUMIFS('Data - Monthly Metrics'!E:E,'Data - Monthly Metrics'!A:A,$B$4,'Data - Monthly Metrics'!B:B,$E$4,'Data - Monthly Metrics'!C:C,"NorthCentral",'Data - Monthly Metrics'!D:D,"Revenue Up for Renewal - Target ($)")+SUMIFS('Data - Monthly Metrics'!E:E,'Data - Monthly Metrics'!A:A,$B$4,'Data - Monthly Metrics'!B:B,$E$4,'Data - Monthly Metrics'!C:C,"NorthCentral",'Data - Monthly Metrics'!D:D,"Revenue Up for Renewal - Non-Target ($)")),"-") | L17: =IF(COUNTIFS('Data - Monthly Metrics'!A:A,$B$4,'Data - Monthly Metrics'!B:B,$E$4,'Data - Monthly Metrics'!C:C,"NorthCentral",'Data - Monthly Metrics'!D:D,"Penetration - Combined %")=0,"-",SUMIFS('Data - Monthly Metrics'!E:E,'Data - Monthly Metrics'!A:A,$B$4,'Data - Monthly Metrics'!B:B,$E$4,'Data - Monthly Metrics'!C:C,"NorthCentral",'Data - Monthly Metrics'!D:D,"Penetration - Combined %")) | M17: =IFERROR((SUMIFS('Data - Monthly Metrics'!E:E,'Data - Monthly Metrics'!A:A,$B$4,'Data - Monthly Metrics'!B:B,$E$4,'Data - Monthly Metrics'!C:C,"NorthCentral",'Data - Monthly Metrics'!D:D,"Members Retained - Target (#)")+SUMIFS('Data - Monthly Metrics'!E:E,'Data - Monthly Metrics'!A:A,$B$4,'Data - Monthly Metrics'!B:B,$E$4,'Data - Monthly Metrics'!C:C,"NorthCentral",'Data - Monthly Metrics'!D:D,"Members Retained - Non-Target (#)"))/(SUMIFS('Data - Monthly Metrics'!E:E,'Data - Monthly Metrics'!A:A,$B$4,'Data - Monthly Metrics'!B:B,$E$4,'Data - Monthly Metrics'!C:C,"NorthCentral",'Data - Monthly Metrics'!D:D,"Members Up for Renewal - Target (#)")+SUMIFS('Data - Monthly Metrics'!E:E,'Data - Monthly Metrics'!A:A,$B$4,'Data - Monthly Metrics'!B:B,$E$4,'Data - Monthly Metrics'!C:C,"NorthCentral",'Data - Monthly Metrics'!D:D,"Members Up for Renewal - Non-Target (#)")),"-")
A18: Majors/NRA | C18: =IF(COUNTIFS('Data - Monthly Metrics'!A:A,$B$4,'Data - Monthly Metrics'!B:B,$E$4,'Data - Monthly Metrics'!C:C,"Majors/NRA",'Data - Monthly Metrics'!D:D,"Goal - New Sales Revenue ($)")=0,"-",SUMIFS('Data - Monthly Metrics'!E:E,'Data - Monthly Metrics'!A:A,$B$4,'Data - Monthly Metrics'!B:B,$E$4,'Data - Monthly Metrics'!C:C,"Majors/NRA",'Data - Monthly Metrics'!D:D,"Goal - New Sales Revenue ($)")) | D18: =IF(COUNTIFS('Data - Monthly Metrics'!A:A,$B$4,'Data - Monthly Metrics'!B:B,$E$4,'Data - Monthly Metrics'!C:C,"Majors/NRA",'Data - Monthly Metrics'!D:D,"New Sales Revenue - Target ($)")+SUMIFS('Data - Monthly Metrics'!E:E,'Data - Monthly Metrics'!A:A,$B$4,'Data - Monthly Metrics'!B:B,$E$4,'Data - Monthly Metrics'!C:C,"Majors/NRA",'Data - Monthly Metrics'!D:D,"New Sales Revenue - Non-Target ($)")=0,"-",SUMIFS('Data - Monthly Metrics'!E:E,'Data - Monthly Metrics'!A:A,$B$4,'Data - Monthly Metrics'!B:B,$E$4,'Data - Monthly Metrics'!C:C,"Majors/NRA",'Data - Monthly Metrics'!D:D,"New Sales Revenue - Target ($)")+SUMIFS('Data - Monthly Metrics'!E:E,'Data - Monthly Metrics'!A:A,$B$4,'Data - Monthly Metrics'!B:B,$E$4,'Data - Monthly Metrics'!C:C,"Majors/NRA",'Data - Monthly Metrics'!D:D,"New Sales Revenue - Non-Target ($)")) | E18: =IF(OR(NOT(ISNUMBER(C18)),C18=0),"-",D18/C18) | F18: =IF(COUNTIFS('Data - Monthly Metrics'!A:A,$B$4,'Data - Monthly Metrics'!B:B,$E$4,'Data - Monthly Metrics'!C:C,"Majors/NRA",'Data - Monthly Metrics'!D:D,"Goal - New Members (#)")=0,"-",SUMIFS('Data - Monthly Metrics'!E:E,'Data - Monthly Metrics'!A:A,$B$4,'Data - Monthly Metrics'!B:B,$E$4,'Data - Monthly Metrics'!C:C,"Majors/NRA",'Data - Monthly Metrics'!D:D,"Goal - New Members (#)")) | G18: =IF(COUNTIFS('Data - Monthly Metrics'!A:A,$B$4,'Data - Monthly Metrics'!B:B,$E$4,'Data - Monthly Metrics'!C:C,"Majors/NRA",'Data - Monthly Metrics'!D:D,"New Members - Target (#)")=0,"-",SUMIFS('Data - Monthly Metrics'!E:E,'Data - Monthly Metrics'!A:A,$B$4,'Data - Monthly Metrics'!B:B,$E$4,'Data - Monthly Metrics'!C:C,"Majors/NRA",'Data - Monthly Metrics'!D:D,"New Members - Target (#)")) | H18: =IF(COUNTIFS('Data - Monthly Metrics'!A:A,$B$4,'Data - Monthly Metrics'!B:B,$E$4,'Data - Monthly Metrics'!C:C,"Majors/NRA",'Data - Monthly Metrics'!D:D,"New Members - Non-Target (#)")=0,"-",SUMIFS('Data - Monthly Metrics'!E:E,'Data - Monthly Metrics'!A:A,$B$4,'Data - Monthly Metrics'!B:B,$E$4,'Data - Monthly Metrics'!C:C,"Majors/NRA",'Data - Monthly Metrics'!D:D,"New Members - Non-Target (#)")) | I18: =IF(COUNTIFS('Data - Monthly Metrics'!A:A,$B$4,'Data - Monthly Metrics'!B:B,$E$4,'Data - Monthly Metrics'!C:C,"Majors/NRA",'Data - Monthly Metrics'!D:D,"Drops - Target (#)")=0,"-",SUMIFS('Data - Monthly Metrics'!E:E,'Data - Monthly Metrics'!A:A,$B$4,'Data - Monthly Metrics'!B:B,$E$4,'Data - Monthly Metrics'!C:C,"Majors/NRA",'Data - Monthly Metrics'!D:D,"Drops - Target (#)")) | J18: =IF(COUNTIFS('Data - Monthly Metrics'!A:A,$B$4,'Data - Monthly Metrics'!B:B,$E$4,'Data - Monthly Metrics'!C:C,"Majors/NRA",'Data - Monthly Metrics'!D:D,"Drops - Non-Target (#)")=0,"-",SUMIFS('Data - Monthly Metrics'!E:E,'Data - Monthly Metrics'!A:A,$B$4,'Data - Monthly Metrics'!B:B,$E$4,'Data - Monthly Metrics'!C:C,"Majors/NRA",'Data - Monthly Metrics'!D:D,"Drops - Non-Target (#)")) | K18: =IFERROR((SUMIFS('Data - Monthly Metrics'!E:E,'Data - Monthly Metrics'!A:A,$B$4,'Data - Monthly Metrics'!B:B,$E$4,'Data - Monthly Metrics'!C:C,"Majors/NRA",'Data - Monthly Metrics'!D:D,"Revenue Retained - Target ($)")+SUMIFS('Data - Monthly Metrics'!E:E,'Data - Monthly Metrics'!A:A,$B$4,'Data - Monthly Metrics'!B:B,$E$4,'Data - Monthly Metrics'!C:C,"Majors/NRA",'Data - Monthly Metrics'!D:D,"Revenue Retained - Non-Target ($)"))/(SUMIFS('Data - Monthly Metrics'!E:E,'Data - Monthly Metrics'!A:A,$B$4,'Data - Monthly Metrics'!B:B,$E$4,'Data - Monthly Metrics'!C:C,"Majors/NRA",'Data - Monthly Metrics'!D:D,"Revenue Up for Renewal - Target ($)")+SUMIFS('Data - Monthly Metrics'!E:E,'Data - Monthly Metrics'!A:A,$B$4,'Data - Monthly Metrics'!B:B,$E$4,'Data - Monthly Metrics'!C:C,"Majors/NRA",'Data - Monthly Metrics'!D:D,"Revenue Up for Renewal - Non-Target ($)")),"-") | L18: =IF(COUNTIFS('Data - Monthly Metrics'!A:A,$B$4,'Data - Monthly Metrics'!B:B,$E$4,'Data - Monthly Metrics'!C:C,"Majors/NRA",'Data - Monthly Metrics'!D:D,"Penetration - Combined %")=0,"-",SUMIFS('Data - Monthly Metrics'!E:E,'Data - Monthly Metrics'!A:A,$B$4,'Data - Monthly Metrics'!B:B,$E$4,'Data - Monthly Metrics'!C:C,"Majors/NRA",'Data - Monthly Metrics'!D:D,"Penetration - Combined %")) | M18: =IFERROR((SUMIFS('Data - Monthly Metrics'!E:E,'Data - Monthly Metrics'!A:A,$B$4,'Data - Monthly Metrics'!B:B,$E$4,'Data - Monthly Metrics'!C:C,"Majors/NRA",'Data - Monthly Metrics'!D:D,"Members Retained - Target (#)")+SUMIFS('Data - Monthly Metrics'!E:E,'Data - Monthly Metrics'!A:A,$B$4,'Data - Monthly Metrics'!B:B,$E$4,'Data - Monthly Metrics'!C:C,"Majors/NRA",'Data - Monthly Metrics'!D:D,"Members Retained - Non-Target (#)"))/(SUMIFS('Data - Monthly Metrics'!E:E,'Data - Monthly Metrics'!A:A,$B$4,'Data - Monthly Metrics'!B:B,$E$4,'Data - Monthly Metrics'!C:C,"Majors/NRA",'Data - Monthly Metrics'!D:D,"Members Up for Renewal - Target (#)")+SUMIFS('Data - Monthly Metrics'!E:E,'Data - Monthly Metrics'!A:A,$B$4,'Data - Monthly Metrics'!B:B,$E$4,'Data - Monthly Metrics'!C:C,"Majors/NRA",'Data - Monthly Metrics'!D:D,"Members Up for Renewal - Non-Target (#)")),"-")
A19: STATEWIDE | C19: =SUM(C8:C18) | D19: =SUM(D8:D18) | E19: =IF(OR(NOT(ISNUMBER(C19)),C19=0),"-",D19/C19) | F19: =SUM(F8:F18) | G19: =SUM(G8:G18) | H19: =SUM(H8:H18) | I19: =SUM(I8:I18) | J19: =SUM(J8:J18) | K19: =IFERROR((SUMIFS('Data - Monthly Metrics'!E:E,'Data - Monthly Metrics'!A:A,$B$4,'Data - Monthly Metrics'!B:B,$E$4,'Data - Monthly Metrics'!D:D,"Revenue Retained - Target ($)")+SUMIFS('Data - Monthly Metrics'!E:E,'Data - Monthly Metrics'!A:A,$B$4,'Data - Monthly Metrics'!B:B,$E$4,'Data - Monthly Metrics'!D:D,"Revenue Retained - Non-Target ($)"))/(SUMIFS('Data - Monthly Metrics'!E:E,'Data - Monthly Metrics'!A:A,$B$4,'Data - Monthly Metrics'!B:B,$E$4,'Data - Monthly Metrics'!D:D,"Revenue Up for Renewal - Target ($)")+SUMIFS('Data - Monthly Metrics'!E:E,'Data - Monthly Metrics'!A:A,$B$4,'Data - Monthly Metrics'!B:B,$E$4,'Data - Monthly Metrics'!D:D,"Revenue Up for Renewal - Non-Target ($)")),"-") | L19: =IFERROR(AVERAGE(L8:L18),"-") | M19: =IFERROR((SUMIFS('Data - Monthly Metrics'!E:E,'Data - Monthly Metrics'!A:A,$B$4,'Data - Monthly Metrics'!B:B,$E$4,'Data - Monthly Metrics'!D:D,"Members Retained - Target (#)")+SUMIFS('Data - Monthly Metrics'!E:E,'Data - Monthly Metrics'!A:A,$B$4,'Data - Monthly Metrics'!B:B,$E$4,'Data - Monthly Metrics'!D:D,"Members Retained - Non-Target (#)"))/(SUMIFS('Data - Monthly Metrics'!E:E,'Data - Monthly Metrics'!A:A,$B$4,'Data - Monthly Metrics'!B:B,$E$4,'Data - Monthly Metrics'!D:D,"Members Up for Renewal - Target (#)")+SUMIFS('Data - Monthly Metrics'!E:E,'Data - Monthly Metrics'!A:A,$B$4,'Data - Monthly Metrics'!B:B,$E$4,'Data - Monthly Metrics'!D:D,"Members Up for Renewal - Non-Target (#)")),"-")
A21: ▶ B. DROPS — Current Month Detail
A22: Territory | C22: # Dropped (T) | D22: # Dropped (NT) | E22: $ Lost (T) | F22: $ Lost (NT) | G22: Total $ Lost
A23: East King | C23: =IF(COUNTIFS('Data - Monthly Metrics'!A:A,$B$4,'Data - Monthly Metrics'!B:B,$E$4,'Data - Monthly Metrics'!C:C,"East King",'Data - Monthly Metrics'!D:D,"Drops - Target (#)")=0,"-",SUMIFS('Data - Monthly Metrics'!E:E,'Data - Monthly Metrics'!A:A,$B$4,'Data - Monthly Metrics'!B:B,$E$4,'Data - Monthly Metrics'!C:C,"East King",'Data - Monthly Metrics'!D:D,"Drops - Target (#)")) | D23: =IF(COUNTIFS('Data - Monthly Metrics'!A:A,$B$4,'Data - Monthly Metrics'!B:B,$E$4,'Data - Monthly Metrics'!C:C,"East King",'Data - Monthly Metrics'!D:D,"Drops - Non-Target (#)")=0,"-",SUMIFS('Data - Monthly Metrics'!E:E,'Data - Monthly Metrics'!A:A,$B$4,'Data - Monthly Metrics'!B:B,$E$4,'Data - Monthly Metrics'!C:C,"East King",'Data - Monthly Metrics'!D:D,"Drops - Non-Target (#)")) | E23: =IF(COUNTIFS('Data - Monthly Metrics'!A:A,$B$4,'Data - Monthly Metrics'!B:B,$E$4,'Data - Monthly Metrics'!C:C,"East King",'Data - Monthly Metrics'!D:D,"Dropped Revenue - Target ($)")=0,"-",SUMIFS('Data - Monthly Metrics'!E:E,'Data - Monthly Metrics'!A:A,$B$4,'Data - Monthly Metrics'!B:B,$E$4,'Data - Monthly Metrics'!C:C,"East King",'Data - Monthly Metrics'!D:D,"Dropped Revenue - Target ($)")) | F23: =IF(COUNTIFS('Data - Monthly Metrics'!A:A,$B$4,'Data - Monthly Metrics'!B:B,$E$4,'Data - Monthly Metrics'!C:C,"East King",'Data - Monthly Metrics'!D:D,"Dropped Revenue - Non-Target ($)")=0,"-",SUMIFS('Data - Monthly Metrics'!E:E,'Data - Monthly Metrics'!A:A,$B$4,'Data - Monthly Metrics'!B:B,$E$4,'Data - Monthly Metrics'!C:C,"East King",'Data - Monthly Metrics'!D:D,"Dropped Revenue - Non-Target ($)")) | G23: =E23+F23
A24: South King | C24: =IF(COUNTIFS('Data - Monthly Metrics'!A:A,$B$4,'Data - Monthly Metrics'!B:B,$E$4,'Data - Monthly Metrics'!C:C,"South King",'Data - Monthly Metrics'!D:D,"Drops - Target (#)")=0,"-",SUMIFS('Data - Monthly Metrics'!E:E,'Data - Monthly Metrics'!A:A,$B$4,'Data - Monthly Metrics'!B:B,$E$4,'Data - Monthly Metrics'!C:C,"South King",'Data - Monthly Metrics'!D:D,"Drops - Target (#)")) | D24: =IF(COUNTIFS('Data - Monthly Metrics'!A:A,$B$4,'Data - Monthly Metrics'!B:B,$E$4,'Data - Monthly Metrics'!C:C,"South King",'Data - Monthly Metrics'!D:D,"Drops - Non-Target (#)")=0,"-",SUMIFS('Data - Monthly Metrics'!E:E,'Data - Monthly Metrics'!A:A,$B$4,'Data - Monthly Metrics'!B:B,$E$4,'Data - Monthly Metrics'!C:C,"South King",'Data - Monthly Metrics'!D:D,"Drops - Non-Target (#)")) | E24: =IF(COUNTIFS('Data - Monthly Metrics'!A:A,$B$4,'Data - Monthly Metrics'!B:B,$E$4,'Data - Monthly Metrics'!C:C,"South King",'Data - Monthly Metrics'!D:D,"Dropped Revenue - Target ($)")=0,"-",SUMIFS('Data - Monthly Metrics'!E:E,'Data - Monthly Metrics'!A:A,$B$4,'Data - Monthly Metrics'!B:B,$E$4,'Data - Monthly Metrics'!C:C,"South King",'Data - Monthly Metrics'!D:D,"Dropped Revenue - Target ($)")) | F24: =IF(COUNTIFS('Data - Monthly Metrics'!A:A,$B$4,'Data - Monthly Metrics'!B:B,$E$4,'Data - Monthly Metrics'!C:C,"South King",'Data - Monthly Metrics'!D:D,"Dropped Revenue - Non-Target ($)")=0,"-",SUMIFS('Data - Monthly Metrics'!E:E,'Data - Monthly Metrics'!A:A,$B$4,'Data - Monthly Metrics'!B:B,$E$4,'Data - Monthly Metrics'!C:C,"South King",'Data - Monthly Metrics'!D:D,"Dropped Revenue - Non-Target ($)")) | G24: =E24+F24
A25: North King | C25: =IF(COUNTIFS('Data - Monthly Metrics'!A:A,$B$4,'Data - Monthly Metrics'!B:B,$E$4,'Data - Monthly Metrics'!C:C,"North King",'Data - Monthly Metrics'!D:D,"Drops - Target (#)")=0,"-",SUMIFS('Data - Monthly Metrics'!E:E,'Data - Monthly Metrics'!A:A,$B$4,'Data - Monthly Metrics'!B:B,$E$4,'Data - Monthly Metrics'!C:C,"North King",'Data - Monthly Metrics'!D:D,"Drops - Target (#)")) | D25: =IF(COUNTIFS('Data - Monthly Metrics'!A:A,$B$4,'Data - Monthly Metrics'!B:B,$E$4,'Data - Monthly Metrics'!C:C,"North King",'Data - Monthly Metrics'!D:D,"Drops - Non-Target (#)")=0,"-",SUMIFS('Data - Monthly Metrics'!E:E,'Data - Monthly Metrics'!A:A,$B$4,'Data - Monthly Metrics'!B:B,$E$4,'Data - Monthly Metrics'!C:C,"North King",'Data - Monthly Metrics'!D:D,"Drops - Non-Target (#)")) | E25: =IF(COUNTIFS('Data - Monthly Metrics'!A:A,$B$4,'Data - Monthly Metrics'!B:B,$E$4,'Data - Monthly Metrics'!C:C,"North King",'Data - Monthly Metrics'!D:D,"Dropped Revenue - Target ($)")=0,"-",SUMIFS('Data - Monthly Metrics'!E:E,'Data - Monthly Metrics'!A:A,$B$4,'Data - Monthly Metrics'!B:B,$E$4,'Data - Monthly Metrics'!C:C,"North King",'Data - Monthly Metrics'!D:D,"Dropped Revenue - Target ($)")) | F25: =IF(COUNTIFS('Data - Monthly Metrics'!A:A,$B$4,'Data - Monthly Metrics'!B:B,$E$4,'Data - Monthly Metrics'!C:C,"North King",'Data - Monthly Metrics'!D:D,"Dropped Revenue - Non-Target ($)")=0,"-",SUMIFS('Data - Monthly Metrics'!E:E,'Data - Monthly Metrics'!A:A,$B$4,'Data - Monthly Metrics'!B:B,$E$4,'Data - Monthly Metrics'!C:C,"North King",'Data - Monthly Metrics'!D:D,"Dropped Revenue - Non-Target ($)")) | G25: =E25+F25
A26: Pierce | C26: =IF(COUNTIFS('Data - Monthly Metrics'!A:A,$B$4,'Data - Monthly Metrics'!B:B,$E$4,'Data - Monthly Metrics'!C:C,"Pierce",'Data - Monthly Metrics'!D:D,"Drops - Target (#)")=0,"-",SUMIFS('Data - Monthly Metrics'!E:E,'Data - Monthly Metrics'!A:A,$B$4,'Data - Monthly Metrics'!B:B,$E$4,'Data - Monthly Metrics'!C:C,"Pierce",'Data - Monthly Metrics'!D:D,"Drops - Target (#)")) | D26: =IF(COUNTIFS('Data - Monthly Metrics'!A:A,$B$4,'Data - Monthly Metrics'!B:B,$E$4,'Data - Monthly Metrics'!C:C,"Pierce",'Data - Monthly Metrics'!D:D,"Drops - Non-Target (#)")=0,"-",SUMIFS('Data - Monthly Metrics'!E:E,'Data - Monthly Metrics'!A:A,$B$4,'Data - Monthly Metrics'!B:B,$E$4,'Data - Monthly Metrics'!C:C,"Pierce",'Data - Monthly Metrics'!D:D,"Drops - Non-Target (#)")) | E26: =IF(COUNTIFS('Data - Monthly Metrics'!A:A,$B$4,'Data - Monthly Metrics'!B:B,$E$4,'Data - Monthly Metrics'!C:C,"Pierce",'Data - Monthly Metrics'!D:D,"Dropped Revenue - Target ($)")=0,"-",SUMIFS('Data - Monthly Metrics'!E:E,'Data - Monthly Metrics'!A:A,$B$4,'Data - Monthly Metrics'!B:B,$E$4,'Data - Monthly Metrics'!C:C,"Pierce",'Data - Monthly Metrics'!D:D,"Dropped Revenue - Target ($)")) | F26: =IF(COUNTIFS('Data - Monthly Metrics'!A:A,$B$4,'Data - Monthly Metrics'!B:B,$E$4,'Data - Monthly Metrics'!C:C,"Pierce",'Data - Monthly Metrics'!D:D,"Dropped Revenue - Non-Target ($)")=0,"-",SUMIFS('Data - Monthly Metrics'!E:E,'Data - Monthly Metrics'!A:A,$B$4,'Data - Monthly Metrics'!B:B,$E$4,'Data - Monthly Metrics'!C:C,"Pierce",'Data - Monthly Metrics'!D:D,"Dropped Revenue - Non-Target ($)")) | G26: =E26+F26
A27: Snohomish | C27: =IF(COUNTIFS('Data - Monthly Metrics'!A:A,$B$4,'Data - Monthly Metrics'!B:B,$E$4,'Data - Monthly Metrics'!C:C,"Snohomish",'Data - Monthly Metrics'!D:D,"Drops - Target (#)")=0,"-",SUMIFS('Data - Monthly Metrics'!E:E,'Data - Monthly Metrics'!A:A,$B$4,'Data - Monthly Metrics'!B:B,$E$4,'Data - Monthly Metrics'!C:C,"Snohomish",'Data - Monthly Metrics'!D:D,"Drops - Target (#)")) | D27: =IF(COUNTIFS('Data - Monthly Metrics'!A:A,$B$4,'Data - Monthly Metrics'!B:B,$E$4,'Data - Monthly Metrics'!C:C,"Snohomish",'Data - Monthly Metrics'!D:D,"Drops - Non-Target (#)")=0,"-",SUMIFS('Data - Monthly Metrics'!E:E,'Data - Monthly Metrics'!A:A,$B$4,'Data - Monthly Metrics'!B:B,$E$4,'Data - Monthly Metrics'!C:C,"Snohomish",'Data - Monthly Metrics'!D:D,"Drops - Non-Target (#)")) | E27: =IF(COUNTIFS('Data - Monthly Metrics'!A:A,$B$4,'Data - Monthly Metrics'!B:B,$E$4,'Data - Monthly Metrics'!C:C,"Snohomish",'Data - Monthly Metrics'!D:D,"Dropped Revenue - Target ($)")=0,"-",SUMIFS('Data - Monthly Metrics'!E:E,'Data - Monthly Metrics'!A:A,$B$4,'Data - Monthly Metrics'!B:B,$E$4,'Data - Monthly Metrics'!C:C,"Snohomish",'Data - Monthly Metrics'!D:D,"Dropped Revenue - Target ($)")) | F27: =IF(COUNTIFS('Data - Monthly Metrics'!A:A,$B$4,'Data - Monthly Metrics'!B:B,$E$4,'Data - Monthly Metrics'!C:C,"Snohomish",'Data - Monthly Metrics'!D:D,"Dropped Revenue - Non-Target ($)")=0,"-",SUMIFS('Data - Monthly Metrics'!E:E,'Data - Monthly Metrics'!A:A,$B$4,'Data - Monthly Metrics'!B:B,$E$4,'Data - Monthly Metrics'!C:C,"Snohomish",'Data - Monthly Metrics'!D:D,"Dropped Revenue - Non-Target ($)")) | G27: =E27+F27
A28: Spokane/NE | C28: =IF(COUNTIFS('Data - Monthly Metrics'!A:A,$B$4,'Data - Monthly Metrics'!B:B,$E$4,'Data - Monthly Metrics'!C:C,"Spokane/NE",'Data - Monthly Metrics'!D:D,"Drops - Target (#)")=0,"-",SUMIFS('Data - Monthly Metrics'!E:E,'Data - Monthly Metrics'!A:A,$B$4,'Data - Monthly Metrics'!B:B,$E$4,'Data - Monthly Metrics'!C:C,"Spokane/NE",'Data - Monthly Metrics'!D:D,"Drops - Target (#)")) | D28: =IF(COUNTIFS('Data - Monthly Metrics'!A:A,$B$4,'Data - Monthly Metrics'!B:B,$E$4,'Data - Monthly Metrics'!C:C,"Spokane/NE",'Data - Monthly Metrics'!D:D,"Drops - Non-Target (#)")=0,"-",SUMIFS('Data - Monthly Metrics'!E:E,'Data - Monthly Metrics'!A:A,$B$4,'Data - Monthly Metrics'!B:B,$E$4,'Data - Monthly Metrics'!C:C,"Spokane/NE",'Data - Monthly Metrics'!D:D,"Drops - Non-Target (#)")) | E28: =IF(COUNTIFS('Data - Monthly Metrics'!A:A,$B$4,'Data - Monthly Metrics'!B:B,$E$4,'Data - Monthly Metrics'!C:C,"Spokane/NE",'Data - Monthly Metrics'!D:D,"Dropped Revenue - Target ($)")=0,"-",SUMIFS('Data - Monthly Metrics'!E:E,'Data - Monthly Metrics'!A:A,$B$4,'Data - Monthly Metrics'!B:B,$E$4,'Data - Monthly Metrics'!C:C,"Spokane/NE",'Data - Monthly Metrics'!D:D,"Dropped Revenue - Target ($)")) | F28: =IF(COUNTIFS('Data - Monthly Metrics'!A:A,$B$4,'Data - Monthly Metrics'!B:B,$E$4,'Data - Monthly Metrics'!C:C,"Spokane/NE",'Data - Monthly Metrics'!D:D,"Dropped Revenue - Non-Target ($)")=0,"-",SUMIFS('Data - Monthly Metrics'!E:E,'Data - Monthly Metrics'!A:A,$B$4,'Data - Monthly Metrics'!B:B,$E$4,'Data - Monthly Metrics'!C:C,"Spokane/NE",'Data - Monthly Metrics'!D:D,"Dropped Revenue - Non-Target ($)")) | G28: =E28+F28
A29: Southwest | C29: =IF(COUNTIFS('Data - Monthly Metrics'!A:A,$B$4,'Data - Monthly Metrics'!B:B,$E$4,'Data - Monthly Metrics'!C:C,"Southwest",'Data - Monthly Metrics'!D:D,"Drops - Target (#)")=0,"-",SUMIFS('Data - Monthly Metrics'!E:E,'Data - Monthly Metrics'!A:A,$B$4,'Data - Monthly Metrics'!B:B,$E$4,'Data - Monthly Metrics'!C:C,"Southwest",'Data - Monthly Metrics'!D:D,"Drops - Target (#)")) | D29: =IF(COUNTIFS('Data - Monthly Metrics'!A:A,$B$4,'Data - Monthly Metrics'!B:B,$E$4,'Data - Monthly Metrics'!C:C,"Southwest",'Data - Monthly Metrics'!D:D,"Drops - Non-Target (#)")=0,"-",SUMIFS('Data - Monthly Metrics'!E:E,'Data - Monthly Metrics'!A:A,$B$4,'Data - Monthly Metrics'!B:B,$E$4,'Data - Monthly Metrics'!C:C,"Southwest",'Data - Monthly Metrics'!D:D,"Drops - Non-Target (#)")) | E29: =IF(COUNTIFS('Data - Monthly Metrics'!A:A,$B$4,'Data - Monthly Metrics'!B:B,$E$4,'Data - Monthly Metrics'!C:C,"Southwest",'Data - Monthly Metrics'!D:D,"Dropped Revenue - Target ($)")=0,"-",SUMIFS('Data - Monthly Metrics'!E:E,'Data - Monthly Metrics'!A:A,$B$4,'Data - Monthly Metrics'!B:B,$E$4,'Data - Monthly Metrics'!C:C,"Southwest",'Data - Monthly Metrics'!D:D,"Dropped Revenue - Target ($)")) | F29: =IF(COUNTIFS('Data - Monthly Metrics'!A:A,$B$4,'Data - Monthly Metrics'!B:B,$E$4,'Data - Monthly Metrics'!C:C,"Southwest",'Data - Monthly Metrics'!D:D,"Dropped Revenue - Non-Target ($)")=0,"-",SUMIFS('Data - Monthly Metrics'!E:E,'Data - Monthly Metrics'!A:A,$B$4,'Data - Monthly Metrics'!B:B,$E$4,'Data - Monthly Metrics'!C:C,"Southwest",'Data - Monthly Metrics'!D:D,"Dropped Revenue - Non-Target ($)")) | G29: =E29+F29
A30: TKP | C30: =IF(COUNTIFS('Data - Monthly Metrics'!A:A,$B$4,'Data - Monthly Metrics'!B:B,$E$4,'Data - Monthly Metrics'!C:C,"TKP",'Data - Monthly Metrics'!D:D,"Drops - Target (#)")=0,"-",SUMIFS('Data - Monthly Metrics'!E:E,'Data - Monthly Metrics'!A:A,$B$4,'Data - Monthly Metrics'!B:B,$E$4,'Data - Monthly Metrics'!C:C,"TKP",'Data - Monthly Metrics'!D:D,"Drops - Target (#)")) | D30: =IF(COUNTIFS('Data - Monthly Metrics'!A:A,$B$4,'Data - Monthly Metrics'!B:B,$E$4,'Data - Monthly Metrics'!C:C,"TKP",'Data - Monthly Metrics'!D:D,"Drops - Non-Target (#)")=0,"-",SUMIFS('Data - Monthly Metrics'!E:E,'Data - Monthly Metrics'!A:A,$B$4,'Data - Monthly Metrics'!B:B,$E$4,'Data - Monthly Metrics'!C:C,"TKP",'Data - Monthly Metrics'!D:D,"Drops - Non-Target (#)")) | E30: =IF(COUNTIFS('Data - Monthly Metrics'!A:A,$B$4,'Data - Monthly Metrics'!B:B,$E$4,'Data - Monthly Metrics'!C:C,"TKP",'Data - Monthly Metrics'!D:D,"Dropped Revenue - Target ($)")=0,"-",SUMIFS('Data - Monthly Metrics'!E:E,'Data - Monthly Metrics'!A:A,$B$4,'Data - Monthly Metrics'!B:B,$E$4,'Data - Monthly Metrics'!C:C,"TKP",'Data - Monthly Metrics'!D:D,"Dropped Revenue - Target ($)")) | F30: =IF(COUNTIFS('Data - Monthly Metrics'!A:A,$B$4,'Data - Monthly Metrics'!B:B,$E$4,'Data - Monthly Metrics'!C:C,"TKP",'Data - Monthly Metrics'!D:D,"Dropped Revenue - Non-Target ($)")=0,"-",SUMIFS('Data - Monthly Metrics'!E:E,'Data - Monthly Metrics'!A:A,$B$4,'Data - Monthly Metrics'!B:B,$E$4,'Data - Monthly Metrics'!C:C,"TKP",'Data - Monthly Metrics'!D:D,"Dropped Revenue - Non-Target ($)")) | G30: =E30+F30
A31: Southeast | C31: =IF(COUNTIFS('Data - Monthly Metrics'!A:A,$B$4,'Data - Monthly Metrics'!B:B,$E$4,'Data - Monthly Metrics'!C:C,"Southeast",'Data - Monthly Metrics'!D:D,"Drops - Target (#)")=0,"-",SUMIFS('Data - Monthly Metrics'!E:E,'Data - Monthly Metrics'!A:A,$B$4,'Data - Monthly Metrics'!B:B,$E$4,'Data - Monthly Metrics'!C:C,"Southeast",'Data - Monthly Metrics'!D:D,"Drops - Target (#)")) | D31: =IF(COUNTIFS('Data - Monthly Metrics'!A:A,$B$4,'Data - Monthly Metrics'!B:B,$E$4,'Data - Monthly Metrics'!C:C,"Southeast",'Data - Monthly Metrics'!D:D,"Drops - Non-Target (#)")=0,"-",SUMIFS('Data - Monthly Metrics'!E:E,'Data - Monthly Metrics'!A:A,$B$4,'Data - Monthly Metrics'!B:B,$E$4,'Data - Monthly Metrics'!C:C,"Southeast",'Data - Monthly Metrics'!D:D,"Drops - Non-Target (#)")) | E31: =IF(COUNTIFS('Data - Monthly Metrics'!A:A,$B$4,'Data - Monthly Metrics'!B:B,$E$4,'Data - Monthly Metrics'!C:C,"Southeast",'Data - Monthly Metrics'!D:D,"Dropped Revenue - Target ($)")=0,"-",SUMIFS('Data - Monthly Metrics'!E:E,'Data - Monthly Metrics'!A:A,$B$4,'Data - Monthly Metrics'!B:B,$E$4,'Data - Monthly Metrics'!C:C,"Southeast",'Data - Monthly Metrics'!D:D,"Dropped Revenue - Target ($)")) | F31: =IF(COUNTIFS('Data - Monthly Metrics'!A:A,$B$4,'Data - Monthly Metrics'!B:B,$E$4,'Data - Monthly Metrics'!C:C,"Southeast",'Data - Monthly Metrics'!D:D,"Dropped Revenue - Non-Target ($)")=0,"-",SUMIFS('Data - Monthly Metrics'!E:E,'Data - Monthly Metrics'!A:A,$B$4,'Data - Monthly Metrics'!B:B,$E$4,'Data - Monthly Metrics'!C:C,"Southeast",'Data - Monthly Metrics'!D:D,"Dropped Revenue - Non-Target ($)")) | G31: =E31+F31
A32: NorthCentral | C32: =IF(COUNTIFS('Data - Monthly Metrics'!A:A,$B$4,'Data - Monthly Metrics'!B:B,$E$4,'Data - Monthly Metrics'!C:C,"NorthCentral",'Data - Monthly Metrics'!D:D,"Drops - Target (#)")=0,"-",SUMIFS('Data - Monthly Metrics'!E:E,'Data - Monthly Metrics'!A:A,$B$4,'Data - Monthly Metrics'!B:B,$E$4,'Data - Monthly Metrics'!C:C,"NorthCentral",'Data - Monthly Metrics'!D:D,"Drops - Target (#)")) | D32: =IF(COUNTIFS('Data - Monthly Metrics'!A:A,$B$4,'Data - Monthly Metrics'!B:B,$E$4,'Data - Monthly Metrics'!C:C,"NorthCentral",'Data - Monthly Metrics'!D:D,"Drops - Non-Target (#)")=0,"-",SUMIFS('Data - Monthly Metrics'!E:E,'Data - Monthly Metrics'!A:A,$B$4,'Data - Monthly Metrics'!B:B,$E$4,'Data - Monthly Metrics'!C:C,"NorthCentral",'Data - Monthly Metrics'!D:D,"Drops - Non-Target (#)")) | E32: =IF(COUNTIFS('Data - Monthly Metrics'!A:A,$B$4,'Data - Monthly Metrics'!B:B,$E$4,'Data - Monthly Metrics'!C:C,"NorthCentral",'Data - Monthly Metrics'!D:D,"Dropped Revenue - Target ($)")=0,"-",SUMIFS('Data - Monthly Metrics'!E:E,'Data - Monthly Metrics'!A:A,$B$4,'Data - Monthly Metrics'!B:B,$E$4,'Data - Monthly Metrics'!C:C,"NorthCentral",'Data - Monthly Metrics'!D:D,"Dropped Revenue - Target ($)")) | F32: =IF(COUNTIFS('Data - Monthly Metrics'!A:A,$B$4,'Data - Monthly Metrics'!B:B,$E$4,'Data - Monthly Metrics'!C:C,"NorthCentral",'Data - Monthly Metrics'!D:D,"Dropped Revenue - Non-Target ($)")=0,"-",SUMIFS('Data - Monthly Metrics'!E:E,'Data - Monthly Metrics'!A:A,$B$4,'Data - Monthly Metrics'!B:B,$E$4,'Data - Monthly Metrics'!C:C,"NorthCentral",'Data - Monthly Metrics'!D:D,"Dropped Revenue - Non-Target ($)")) | G32: =E32+F32
A33: Majors/NRA | C33: =IF(COUNTIFS('Data - Monthly Metrics'!A:A,$B$4,'Data - Monthly Metrics'!B:B,$E$4,'Data - Monthly Metrics'!C:C,"Majors/NRA",'Data - Monthly Metrics'!D:D,"Drops - Target (#)")=0,"-",SUMIFS('Data - Monthly Metrics'!E:E,'Data - Monthly Metrics'!A:A,$B$4,'Data - Monthly Metrics'!B:B,$E$4,'Data - Monthly Metrics'!C:C,"Majors/NRA",'Data - Monthly Metrics'!D:D,"Drops - Target (#)")) | D33: =IF(COUNTIFS('Data - Monthly Metrics'!A:A,$B$4,'Data - Monthly Metrics'!B:B,$E$4,'Data - Monthly Metrics'!C:C,"Majors/NRA",'Data - Monthly Metrics'!D:D,"Drops - Non-Target (#)")=0,"-",SUMIFS('Data - Monthly Metrics'!E:E,'Data - Monthly Metrics'!A:A,$B$4,'Data - Monthly Metrics'!B:B,$E$4,'Data - Monthly Metrics'!C:C,"Majors/NRA",'Data - Monthly Metrics'!D:D,"Drops - Non-Target (#)")) | E33: =IF(COUNTIFS('Data - Monthly Metrics'!A:A,$B$4,'Data - Monthly Metrics'!B:B,$E$4,'Data - Monthly Metrics'!C:C,"Majors/NRA",'Data - Monthly Metrics'!D:D,"Dropped Revenue - Target ($)")=0,"-",SUMIFS('Data - Monthly Metrics'!E:E,'Data - Monthly Metrics'!A:A,$B$4,'Data - Monthly Metrics'!B:B,$E$4,'Data - Monthly Metrics'!C:C,"Majors/NRA",'Data - Monthly Metrics'!D:D,"Dropped Revenue - Target ($)")) | F33: =IF(COUNTIFS('Data - Monthly Metrics'!A:A,$B$4,'Data - Monthly Metrics'!B:B,$E$4,'Data - Monthly Metrics'!C:C,"Majors/NRA",'Data - Monthly Metrics'!D:D,"Dropped Revenue - Non-Target ($)")=0,"-",SUMIFS('Data - Monthly Metrics'!E:E,'Data - Monthly Metrics'!A:A,$B$4,'Data - Monthly Metrics'!B:B,$E$4,'Data - Monthly Metrics'!C:C,"Majors/NRA",'Data - Monthly Metrics'!D:D,"Dropped Revenue - Non-Target ($)")) | G33: =E33+F33

Sheet TM - Snohomish
A1: SNOHOMISH
A2: Combined first, then Target detail, then Non-Target. All months shown; click [–] above the column headers to fold a quarter to its subtotal.
A4: Reporting Year: | B4: 2026
A6: ▼ COMBINED — TARGET + NON-TARGET ▼
A8: Metric | B8: Oct | C8: Nov | D8: Dec | E8: Q1 | F8: Jan | G8: Feb | H8: Mar | I8: Q2 | J8: Apr | K8: May | L8: Jun | M8: Q3 | N8: Jul | O8: Aug | P8: Sep | Q8: Q4 | R8: YTD
A9: New Sales Revenue — Combined ($) | B9: =N(B38)+N(B88) | C9: =N(C38)+N(C88) | D9: =N(D38)+N(D88) | E9: =N(E38)+N(E88) | F9: =N(F38)+N(F88) | G9: =N(G38)+N(G88) | H9: =N(H38)+N(H88) | I9: =N(I38)+N(I88) | ... R9: =N(R38)+N(R88)
A10: BOB ($) | B10: =IF(COUNTIFS('Data - Monthly Metrics'!A:A,$B$4-1,'Data - Monthly Metrics'!B:B,"Oct",'Data - Monthly Metrics'!C:C,"Snohomish",'Data - Monthly Metrics'!D:D,"New Sales Revenue - BOB/Promo ($)")=0,"-",SUMIFS('Data - Monthly Metrics'!E:E,'Data - Monthly Metrics'!A:A,$B$4-1,'Data - Monthly Metrics'!B:B,"Oct",'Data - Monthly Metrics'!C:C,"Snohomish",'Data - Monthly Metrics'!D:D,"New Sales Revenue - BOB/Promo ($)")) | C10: =IF(COUNTIFS('Data - Monthly Metrics'!A:A,$B$4-1,'Data - Monthly Metrics'!B:B,"Nov",'Data - Monthly Metrics'!C:C,"Snohomish",'Data - Monthly Metrics'!D:D,"New Sales Revenue - BOB/Promo ($)")=0,"-",SUMIFS('Data - Monthly Metrics'!E:E,'Data - Monthly Metrics'!A:A,$B$4-1,'Data - Monthly Metrics'!B:B,"Nov",'Data - Monthly Metrics'!C:C,"Snohomish",'Data - Monthly Metrics'!D:D,"New Sales Revenue - BOB/Promo ($)")) | D10: =IF(COUNTIFS('Data - Monthly Metrics'!A:A,$B$4-1,'Data - Monthly Metrics'!B:B,"Dec",'Data - Monthly Metrics'!C:C,"Snohomish",'Data - Monthly Metrics'!D:D,"New Sales Revenue - BOB/Promo ($)")=0,"-",SUMIFS('Data - Monthly Metrics'!E:E,'Data - Monthly Metrics'!A:A,$B$4-1,'Data - Monthly Metrics'!B:B,"Dec",'Data - Monthly Metrics'!C:C,"Snohomish",'Data - Monthly Metrics'!D:D,"New Sales Revenue - BOB/Promo ($)")) | E10: =SUM(B10,C10,D10) | F10: =IF(COUNTIFS('Data - Monthly Metrics'!A:A,$B$4,'Data - Monthly Metrics'!B:B,"Jan",'Data - Monthly Metrics'!C:C,"Snohomish",'Data - Monthly Metrics'!D:D,"New Sales Revenue - BOB/Promo ($)")=0,"-",SUMIFS('Data - Monthly Metrics'!E:E,'Data - Monthly Metrics'!A:A,$B$4,'Data - Monthly Metrics'!B:B,"Jan",'Data - Monthly Metrics'!C:C,"Snohomish",'Data - Monthly Metrics'!D:D,"New Sales Revenue - BOB/Promo ($)")) | G10: =IF(COUNTIFS('Data - Monthly Metrics'!A:A,$B$4,'Data - Monthly Metrics'!B:B,"Feb",'Data - Monthly Metrics'!C:C,"Snohomish",'Data - Monthly Metrics'!D:D,"New Sales Revenue - BOB/Promo ($)")=0,"-",SUMIFS('Data - Monthly Metrics'!E:E,'Data - Monthly Metrics'!A:A,$B$4,'Data - Monthly Metrics'!B:B,"Feb",'Data - Monthly Metrics'!C:C,"Snohomish",'Data - Monthly Metrics'!D:D,"New Sales Revenue - BOB/Promo ($)")) | H10: =IF(COUNTIFS('Data - Monthly Metrics'!A:A,$B$4,'Data - Monthly Metrics'!B:B,"Mar",'Data - Monthly Metrics'!C:C,"Snohomish",'Data - Monthly Metrics'!D:D,"New Sales Revenue - BOB/Promo ($)")=0,"-",SUMIFS('Data - Monthly Metrics'!E:E,'Data - Monthly Metrics'!A:A,$B$4,'Data - Monthly Metrics'!B:B,"Mar",'Data - Monthly Metrics'!C:C,"Snohomish",'Data - Monthly Metrics'!D:D,"New Sales Revenue - BOB/Promo ($)")) | I10: =SUM(F10,G10,H10) | J10: =IF(COUNTIFS('Data - Monthly Metrics'!A:A,$B$4,'Data - Monthly Metrics'!B:B,"Apr",'Data - Monthly Metrics'!C:C,"Snohomish",'Data - Monthly Metrics'!D:D,"New Sales Revenue - BOB/Promo ($)")=0,"-",SUMIFS('Data - Monthly Metrics'!E:E,'Data - Monthly Metrics'!A:A,$B$4,'Data - Monthly Metrics'!B:B,"Apr",'Data - Monthly Metrics'!C:C,"Snohomish",'Data - Monthly Metrics'!D:D,"New Sales Revenue - BOB/Promo ($)")) | K10: =IF(COUNTIFS('Data - Monthly Metrics'!A:A,$B$4,'Data - Monthly Metrics'!B:B,"May",'Data - Monthly Metrics'!C:C,"Snohomish",'Data - Monthly Metrics'!D:D,"New Sales Revenue - BOB/Promo ($)")=0,"-",SUMIFS('Data - Monthly Metrics'!E:E,'Data - Monthly Metrics'!A:A,$B$4,'Data - Monthly Metrics'!B:B,"May",'Data - Monthly Metrics'!C:C,"Snohomish",'Data - Monthly Metrics'!D:D,"New Sales Revenue - BOB/Promo ($)")) | L10: =IF(COUNTIFS('Data - Monthly Metrics'!A:A,$B$4,'Data - Monthly Metrics'!B:B,"Jun",'Data - Monthly Metrics'!C:C,"Snohomish",'Data - Monthly Metrics'!D:D,"New Sales Revenue - BOB/Promo ($)")=0,"-",SUMIFS('Data - Monthly Metrics'!E:E,'Data - Monthly Metrics'!A:A,$B$4,'Data - Monthly Metrics'!B:B,"Jun",'Data - Monthly Metrics'!C:C,"Snohomish",'Data - Monthly Metrics'!D:D,"New Sales Revenue - BOB/Promo ($)")) | M10: =SUM(J10,K10,L10) | N10: =IF(COUNTIFS('Data - Monthly Metrics'!A:A,$B$4,'Data - Monthly Metrics'!B:B,"Jul",'Data - Monthly Metrics'!C:C,"Snohomish",'Data - Monthly Metrics'!D:D,"New Sales Revenue - BOB/Promo ($)")=0,"-",SUMIFS('Data - Monthly Metrics'!E:E,'Data - Monthly Metrics'!A:A,$B$4,'Data - Monthly Metrics'!B:B,"Jul",'Data - Monthly Metrics'!C:C,"Snohomish",'Data - Monthly Metrics'!D:D,"New Sales Revenue - BOB/Promo ($)")) | O10: =IF(COUNTIFS('Data - Monthly Metrics'!A:A,$B$4,'Data - Monthly Metrics'!B:B,"Aug",'Data - Monthly Metrics'!C:C,"Snohomish",'Data - Monthly Metrics'!D:D,"New Sales Revenue - BOB/Promo ($)")=0,"-",SUMIFS('Data - Monthly Metrics'!E:E,'Data - Monthly Metrics'!A:A,$B$4,'Data - Monthly Metrics'!B:B,"Aug",'Data - Monthly Metrics'!C:C,"Snohomish",'Data - Monthly Metrics'!D:D,"New Sales Revenue - BOB/Promo ($)")) | P10: =IF(COUNTIFS('Data - Monthly Metrics'!A:A,$B$4,'Data - Monthly Metrics'!B:B,"Sep",'Data - Monthly Metrics'!C:C,"Snohomish",'Data - Monthly Metrics'!D:D,"New Sales Revenue - BOB/Promo ($)")=0,"-",SUMIFS('Data - Monthly Metrics'!E:E,'Data - Monthly Metrics'!A:A,$B$4,'Data - Monthly Metrics'!B:B,"Sep",'Data - Monthly Metrics'!C:C,"Snohomish",'Data - Monthly Metrics'!D:D,"New Sales Revenue - BOB/Promo ($)")) | Q10: =SUM(N10,O10,P10) | R10: =SUM(E10,I10,M10,Q10)
A11: New BOBs (#) | B11: =IF(COUNTIFS('Data - Monthly Metrics'!A:A,$B$4-1,'Data - Monthly Metrics'!B:B,"Oct",'Data - Monthly Metrics'!C:C,"Snohomish",'Data - Monthly Metrics'!D:D,"New Members - BOB (#)")=0,"-",SUMIFS('Data - Monthly Metrics'!E:E,'Data - Monthly Metrics'!A:A,$B$4-1,'Data - Monthly Metrics'!B:B,"Oct",'Data - Monthly Metrics'!C:C,"Snohomish",'Data - Monthly Metrics'!D:D,"New Members - BOB (#)")) | C11: =IF(COUNTIFS('Data - Monthly Metrics'!A:A,$B$4-1,'Data - Monthly Metrics'!B:B,"Nov",'Data - Monthly Metrics'!C:C,"Snohomish",'Data - Monthly Metrics'!D:D,"New Members - BOB (#)")=0,"-",SUMIFS('Data - Monthly Metrics'!E:E,'Data - Monthly Metrics'!A:A,$B$4-1,'Data - Monthly Metrics'!B:B,"Nov",'Data - Monthly Metrics'!C:C,"Snohomish",'Data - Monthly Metrics'!D:D,"New Members - BOB (#)")) | D11: =IF(COUNTIFS('Data - Monthly Metrics'!A:A,$B$4-1,'Data - Monthly Metrics'!B:B,"Dec",'Data - Monthly Metrics'!C:C,"Snohomish",'Data - Monthly Metrics'!D:D,"New Members - BOB (#)")=0,"-",SUMIFS('Data - Monthly Metrics'!E:E,'Data - Monthly Metrics'!A:A,$B$4-1,'Data - Monthly Metrics'!B:B,"Dec",'Data - Monthly Metrics'!C:C,"Snohomish",'Data - Monthly Metrics'!D:D,"New Members - BOB (#)")) | E11: =SUM(B11,C11,D11) | F11: =IF(COUNTIFS('Data - Monthly Metrics'!A:A,$B$4,'Data - Monthly Metrics'!B:B,"Jan",'Data - Monthly Metrics'!C:C,"Snohomish",'Data - Monthly Metrics'!D:D,"New Members - BOB (#)")=0,"-",SUMIFS('Data - Monthly Metrics'!E:E,'Data - Monthly Metrics'!A:A,$B$4,'Data - Monthly Metrics'!B:B,"Jan",'Data - Monthly Metrics'!C:C,"Snohomish",'Data - Monthly Metrics'!D:D,"New Members - BOB (#)")) | G11: =IF(COUNTIFS('Data - Monthly Metrics'!A:A,$B$4,'Data - Monthly Metrics'!B:B,"Feb",'Data - Monthly Metrics'!C:C,"Snohomish",'Data - Monthly Metrics'!D:D,"New Members - BOB (#)")=0,"-",SUMIFS('Data - Monthly Metrics'!E:E,'Data - Monthly Metrics'!A:A,$B$4,'Data - Monthly Metrics'!B:B,"Feb",'Data - Monthly Metrics'!C:C,"Snohomish",'Data - Monthly Metrics'!D:D,"New Members - BOB (#)")) | H11: =IF(COUNTIFS('Data - Monthly Metrics'!A:A,$B$4,'Data - Monthly Metrics'!B:B,"Mar",'Data - Monthly Metrics'!C:C,"Snohomish",'Data - Monthly Metrics'!D:D,"New Members - BOB (#)")=0,"-",SUMIFS('Data - Monthly Metrics'!E:E,'Data - Monthly Metrics'!A:A,$B$4,'Data - Monthly Metrics'!B:B,"Mar",'Data - Monthly Metrics'!C:C,"Snohomish",'Data - Monthly Metrics'!D:D,"New Members - BOB (#)")) | I11: =SUM(F11,G11,H11) | J11: =IF(COUNTIFS('Data - Monthly Metrics'!A:A,$B$4,'Data - Monthly Metrics'!B:B,"Apr",'Data - Monthly Metrics'!C:C,"Snohomish",'Data - Monthly Metrics'!D:D,"New Members - BOB (#)")=0,"-",SUMIFS('Data - Monthly Metrics'!E:E,'Data - Monthly Metrics'!A:A,$B$4,'Data - Monthly Metrics'!B:B,"Apr",'Data - Monthly Metrics'!C:C,"Snohomish",'Data - Monthly Metrics'!D:D,"New Members - BOB (#)")) | K11: =IF(COUNTIFS('Data - Monthly Metrics'!A:A,$B$4,'Data - Monthly Metrics'!B:B,"May",'Data - Monthly Metrics'!C:C,"Snohomish",'Data - Monthly Metrics'!D:D,"New Members - BOB (#)")=0,"-",SUMIFS('Data - Monthly Metrics'!E:E,'Data - Monthly Metrics'!A:A,$B$4,'Data - Monthly Metrics'!B:B,"May",'Data - Monthly Metrics'!C:C,"Snohomish",'Data - Monthly Metrics'!D:D,"New Members - BOB (#)")) | L11: =IF(COUNTIFS('Data - Monthly Metrics'!A:A,$B$4,'Data - Monthly Metrics'!B:B,"Jun",'Data - Monthly Metrics'!C:C,"Snohomish",'Data - Monthly Metrics'!D:D,"New Members - BOB (#)")=0,"-",SUMIFS('Data - Monthly Metrics'!E:E,'Data - Monthly Metrics'!A:A,$B$4,'Data - Monthly Metrics'!B:B,"Jun",'Data - Monthly Metrics'!C:C,"Snohomish",'Data - Monthly Metrics'!D:D,"New Members - BOB (#)")) | M11: =SUM(J11,K11,L11) | N11: =IF(COUNTIFS('Data - Monthly Metrics'!A:A,$B$4,'Data - Monthly Metrics'!B:B,"Jul",'Data - Monthly Metrics'!C:C,"Snohomish",'Data - Monthly Metrics'!D:D,"New Members - BOB (#)")=0,"-",SUMIFS('Data - Monthly Metrics'!E:E,'Data - Monthly Metrics'!A:A,$B$4,'Data - Monthly Metrics'!B:B,"Jul",'Data - Monthly Metrics'!C:C,"Snohomish",'Data - Monthly Metrics'!D:D,"New Members - BOB (#)")) | O11: =IF(COUNTIFS('Data - Monthly Metrics'!A:A,$B$4,'Data - Monthly Metrics'!B:B,"Aug",'Data - Monthly Metrics'!C:C,"Snohomish",'Data - Monthly Metrics'!D:D,"New Members - BOB (#)")=0,"-",SUMIFS('Data - Monthly Metrics'!E:E,'Data - Monthly Metrics'!A:A,$B$4,'Data - Monthly Metrics'!B:B,"Aug",'Data - Monthly Metrics'!C:C,"Snohomish",'Data - Monthly Metrics'!D:D,"New Members - BOB (#)")) | P11: =IF(COUNTIFS('Data - Monthly Metrics'!A:A,$B$4,'Data - Monthly Metrics'!B:B,"Sep",'Data - Monthly Metrics'!C:C,"Snohomish",'Data - Monthly Metrics'!D:D,"New Members - BOB (#)")=0,"-",SUMIFS('Data - Monthly Metrics'!E:E,'Data - Monthly Metrics'!A:A,$B$4,'Data - Monthly Metrics'!B:B,"Sep",'Data - Monthly Metrics'!C:C,"Snohomish",'Data - Monthly Metrics'!D:D,"New Members - BOB (#)")) | Q11: =SUM(N11,O11,P11) | R11: =SUM(E11,I11,M11,Q11)
A12: Comps ($) | B12: =IF(COUNTIFS('Data - Monthly Metrics'!A:A,$B$4-1,'Data - Monthly Metrics'!B:B,"Oct",'Data - Monthly Metrics'!C:C,"Snohomish",'Data - Monthly Metrics'!D:D,"New Sales - Comped ($)")=0,"-",SUMIFS('Data - Monthly Metrics'!E:E,'Data - Monthly Metrics'!A:A,$B$4-1,'Data - Monthly Metrics'!B:B,"Oct",'Data - Monthly Metrics'!C:C,"Snohomish",'Data - Monthly Metrics'!D:D,"New Sales - Comped ($)")) | C12: =IF(COUNTIFS('Data - Monthly Metrics'!A:A,$B$4-1,'Data - Monthly Metrics'!B:B,"Nov",'Data - Monthly Metrics'!C:C,"Snohomish",'Data - Monthly Metrics'!D:D,"New Sales - Comped ($)")=0,"-",SUMIFS('Data - Monthly Metrics'!E:E,'Data - Monthly Metrics'!A:A,$B$4-1,'Data - Monthly Metrics'!B:B,"Nov",'Data - Monthly Metrics'!C:C,"Snohomish",'Data - Monthly Metrics'!D:D,"New Sales - Comped ($)")) | D12: =IF(COUNTIFS('Data - Monthly Metrics'!A:A,$B$4-1,'Data - Monthly Metrics'!B:B,"Dec",'Data - Monthly Metrics'!C:C,"Snohomish",'Data - Monthly Metrics'!D:D,"New Sales - Comped ($)")=0,"-",SUMIFS('Data - Monthly Metrics'!E:E,'Data - Monthly Metrics'!A:A,$B$4-1,'Data - Monthly Metrics'!B:B,"Dec",'Data - Monthly Metrics'!C:C,"Snohomish",'Data - Monthly Metrics'!D:D,"New Sales - Comped ($)")) | E12: =SUM(B12,C12,D12) | F12: =IF(COUNTIFS('Data - Monthly Metrics'!A:A,$B$4,'Data - Monthly Metrics'!B:B,"Jan",'Data - Monthly Metrics'!C:C,"Snohomish",'Data - Monthly Metrics'!D:D,"New Sales - Comped ($)")=0,"-",SUMIFS('Data - Monthly Metrics'!E:E,'Data - Monthly Metrics'!A:A,$B$4,'Data - Monthly Metrics'!B:B,"Jan",'Data - Monthly Metrics'!C:C,"Snohomish",'Data - Monthly Metrics'!D:D,"New Sales - Comped ($)")) | G12: =IF(COUNTIFS('Data - Monthly Metrics'!A:A,$B$4,'Data - Monthly Metrics'!B:B,"Feb",'Data - Monthly Metrics'!C:C,"Snohomish",'Data - Monthly Metrics'!D:D,"New Sales - Comped ($)")=0,"-",SUMIFS('Data - Monthly Metrics'!E:E,'Data - Monthly Metrics'!A:A,$B$4,'Data - Monthly Metrics'!B:B,"Feb",'Data - Monthly Metrics'!C:C,"Snohomish",'Data - Monthly Metrics'!D:D,"New Sales - Comped ($)")) | H12: =IF(COUNTIFS('Data - Monthly Metrics'!A:A,$B$4,'Data - Monthly Metrics'!B:B,"Mar",'Data - Monthly Metrics'!C:C,"Snohomish",'Data - Monthly Metrics'!D:D,"New Sales - Comped ($)")=0,"-",SUMIFS('Data - Monthly Metrics'!E:E,'Data - Monthly Metrics'!A:A,$B$4,'Data - Monthly Metrics'!B:B,"Mar",'Data - Monthly Metrics'!C:C,"Snohomish",'Data - Monthly Metrics'!D:D,"New Sales - Comped ($)")) | I12: =SUM(F12,G12,H12) | J12: =IF(COUNTIFS('Data - Monthly Metrics'!A:A,$B$4,'Data - Monthly Metrics'!B:B,"Apr",'Data - Monthly Metrics'!C:C,"Snohomish",'Data - Monthly Metrics'!D:D,"New Sales - Comped ($)")=0,"-",SUMIFS('Data - Monthly Metrics'!E:E,'Data - Monthly Metrics'!A:A,$B$4,'Data - Monthly Metrics'!B:B,"Apr",'Data - Monthly Metrics'!C:C,"Snohomish",'Data - Monthly Metrics'!D:D,"New Sales - Comped ($)")) | K12: =IF(COUNTIFS('Data - Monthly Metrics'!A:A,$B$4,'Data - Monthly Metrics'!B:B,"May",'Data - Monthly Metrics'!C:C,"Snohomish",'Data - Monthly Metrics'!D:D,"New Sales - Comped ($)")=0,"-",SUMIFS('Data - Monthly Metrics'!E:E,'Data - Monthly Metrics'!A:A,$B$4,'Data - Monthly Metrics'!B:B,"May",'Data - Monthly Metrics'!C:C,"Snohomish",'Data - Monthly Metrics'!D:D,"New Sales - Comped ($)")) | L12: =IF(COUNTIFS('Data - Monthly Metrics'!A:A,$B$4,'Data - Monthly Metrics'!B:B,"Jun",'Data - Monthly Metrics'!C:C,"Snohomish",'Data - Monthly Metrics'!D:D,"New Sales - Comped ($)")=0,"-",SUMIFS('Data - Monthly Metrics'!E:E,'Data - Monthly Metrics'!A:A,$B$4,'Data - Monthly Metrics'!B:B,"Jun",'Data - Monthly Metrics'!C:C,"Snohomish",'Data - Monthly Metrics'!D:D,"New Sales - Comped ($)")) | M12: =SUM(J12,K12,L12) | N12: =IF(COUNTIFS('Data - Monthly Metrics'!A:A,$B$4,'Data - Monthly Metrics'!B:B,"Jul",'Data - Monthly Metrics'!C:C,"Snohomish",'Data - Monthly Metrics'!D:D,"New Sales - Comped ($)")=0,"-",SUMIFS('Data - Monthly Metrics'!E:E,'Data - Monthly Metrics'!A:A,$B$4,'Data - Monthly Metrics'!B:B,"Jul",'Data - Monthly Metrics'!C:C,"Snohomish",'Data - Monthly Metrics'!D:D,"New Sales - Comped ($)")) | O12: =IF(COUNTIFS('Data - Monthly Metrics'!A:A,$B$4,'Data - Monthly Metrics'!B:B,"Aug",'Data - Monthly Metrics'!C:C,"Snohomish",'Data - Monthly Metrics'!D:D,"New Sales - Comped ($)")=0,"-",SUMIFS('Data - Monthly Metrics'!E:E,'Data - Monthly Metrics'!A:A,$B$4,'Data - Monthly Metrics'!B:B,"Aug",'Data - Monthly Metrics'!C:C,"Snohomish",'Data - Monthly Metrics'!D:D,"New Sales - Comped ($)")) | P12: =IF(COUNTIFS('Data - Monthly Metrics'!A:A,$B$4,'Data - Monthly Metrics'!B:B,"Sep",'Data - Monthly Metrics'!C:C,"Snohomish",'Data - Monthly Metrics'!D:D,"New Sales - Comped ($)")=0,"-",SUMIFS('Data - Monthly Metrics'!E:E,'Data - Monthly Metrics'!A:A,$B$4,'Data - Monthly Metrics'!B:B,"Sep",'Data - Monthly Metrics'!C:C,"Snohomish",'Data - Monthly Metrics'!D:D,"New Sales - Comped ($)")) | Q12: =SUM(N12,O12,P12) | R12: =SUM(E12,I12,M12,Q12)
A13: New Members — Combined (#) | B13: =N(B42)+N(B89) | C13: =N(C42)+N(C89) | D13: =N(D42)+N(D89) | E13: =N(E42)+N(E89) | F13: =N(F42)+N(F89) | G13: =N(G42)+N(G89) | H13: =N(H42)+N(H89) | I13: =N(I42)+N(I89) | ... R13: =N(R42)+N(R89)
A14: Billables — Combined (T + NT) (#) | B14: =IF(OR(ISNUMBER(B52),ISNUMBER(B93)),N(B52)+N(B93),"-") | C14: =IF(OR(ISNUMBER(C52),ISNUMBER(C93)),N(C52)+N(C93),"-") | D14: =IF(OR(ISNUMBER(D52),ISNUMBER(D93)),N(D52)+N(D93),"-") | E14: =IF(OR(ISNUMBER(E52),ISNUMBER(E93)),N(E52)+N(E93),"-") | F14: =IF(OR(ISNUMBER(F52),ISNUMBER(F93)),N(F52)+N(F93),"-") | G14: =IF(OR(ISNUMBER(G52),ISNUMBER(G93)),N(G52)+N(G93),"-") | H14: =IF(OR(ISNUMBER(H52),ISNUMBER(H93)),N(H52)+N(H93),"-") | I14: =IF(OR(ISNUMBER(I52),ISNUMBER(I93)),N(I52)+N(I93),"-") | ... R14: =IF(OR(ISNUMBER(R52),ISNUMBER(R93)),N(R52)+N(R93),"-")
A15: Member Locations — Combined (#) | B15: =IF(OR(ISNUMBER(B53),ISNUMBER(B94)),N(B53)+N(B94),"-") | C15: =IF(OR(ISNUMBER(C53),ISNUMBER(C94)),N(C53)+N(C94),"-") | D15: =IF(OR(ISNUMBER(D53),ISNUMBER(D94)),N(D53)+N(D94),"-") | E15: =IF(OR(ISNUMBER(E53),ISNUMBER(E94)),N(E53)+N(E94),"-") | F15: =IF(OR(ISNUMBER(F53),ISNUMBER(F94)),N(F53)+N(F94),"-") | G15: =IF(OR(ISNUMBER(G53),ISNUMBER(G94)),N(G53)+N(G94),"-") | H15: =IF(OR(ISNUMBER(H53),ISNUMBER(H94)),N(H53)+N(H94),"-") | I15: =IF(OR(ISNUMBER(I53),ISNUMBER(I94)),N(I53)+N(I94),"-") | ... R15: =IF(OR(ISNUMBER(R53),ISNUMBER(R94)),N(R53)+N(R94),"-")
A16: Billables — Total incl. Allied (#) | B16: =IF(OR(ISNUMBER(B52),ISNUMBER(B96)),N(B52)+N(B96),"-") | C16: =IF(OR(ISNUMBER(C52),ISNUMBER(C96)),N(C52)+N(C96),"-") | D16: =IF(OR(ISNUMBER(D52),ISNUMBER(D96)),N(D52)+N(D96),"-") | E16: =IF(OR(ISNUMBER(E52),ISNUMBER(E96)),N(E52)+N(E96),"-") | F16: =IF(OR(ISNUMBER(F52),ISNUMBER(F96)),N(F52)+N(F96),"-") | G16: =IF(OR(ISNUMBER(G52),ISNUMBER(G96)),N(G52)+N(G96),"-") | H16: =IF(OR(ISNUMBER(H52),ISNUMBER(H96)),N(H52)+N(H96),"-") | I16: =IF(OR(ISNUMBER(I52),ISNUMBER(I96)),N(I52)+N(I96),"-") | ... R16: =IF(OR(ISNUMBER(R52),ISNUMBER(R96)),N(R52)+N(R96),"-")
A17: Up for Renewal — T + NT (#) | B17: =N(B57)+N(B100) | C17: =N(C57)+N(C100) | D17: =N(D57)+N(D100) | E17: =N(E57)+N(E100) | F17: =N(F57)+N(F100) | G17: =N(G57)+N(G100) | H17: =N(H57)+N(H100) | I17: =N(I57)+N(I100) | ... R17: =N(R57)+N(R100)
A18: Retained — T + NT (#) | B18: =N(B58)+N(B101) | C18: =N(C58)+N(C101) | D18: =N(D58)+N(D101) | E18: =N(E58)+N(E101) | F18: =N(F58)+N(F101) | G18: =N(G58)+N(G101) | H18: =N(H58)+N(H101) | I18: =N(I58)+N(I101) | ... R18: =N(R58)+N(R101)
A19: Account Retention % — T + NT | B19: =IF((N(B57)+N(B100))=0,"",(N(B58)+N(B101))/(N(B57)+N(B100))) | C19: =IF((N(C57)+N(C100))=0,"",(N(C58)+N(C101))/(N(C57)+N(C100))) | D19: =IF((N(D57)+N(D100))=0,"",(N(D58)+N(D101))/(N(D57)+N(D100))) | E19: =IF((N(E57)+N(E100))=0,"",(N(E58)+N(E101))/(N(E57)+N(E100))) | F19: =IF((N(F57)+N(F100))=0,"",(N(F58)+N(F101))/(N(F57)+N(F100))) | G19: =IF((N(G57)+N(G100))=0,"",(N(G58)+N(G101))/(N(G57)+N(G100))) | H19: =IF((N(H57)+N(H100))=0,"",(N(H58)+N(H101))/(N(H57)+N(H100))) | I19: =IF((N(I57)+N(I100))=0,"",(N(I58)+N(I101))/(N(I57)+N(I100))) | ... R19: =IF((N(R57)+N(R100))=0,"",(N(R58)+N(R101))/(N(R57)+N(R100)))
A20: Drops — Combined (#) | B20: =N(B69)+N(B109) | C20: =N(C69)+N(C109) | D20: =N(D69)+N(D109) | E20: =N(E69)+N(E109) | F20: =N(F69)+N(F109) | G20: =N(G69)+N(G109) | H20: =N(H69)+N(H109) | I20: =N(I69)+N(I109) | ... R20: =N(R69)+N(R109)
A21: Dropped Revenue — Combined ($) | B21: =N(B70)+N(B110) | C21: =N(C70)+N(C110) | D21: =N(D70)+N(D110) | E21: =N(E70)+N(E110) | F21: =N(F70)+N(F110) | G21: =N(G70)+N(G110) | H21: =N(H70)+N(H110) | I21: =N(I70)+N(I110) | ... R21: =N(R70)+N(R110)
A22: Revenue Up for Renewal — T + NT ($) | B22: =SUMIFS('Data - Monthly Metrics'!E:E,'Data - Monthly Metrics'!A:A,$B$4-1,'Data - Monthly Metrics'!B:B,"Oct",'Data - Monthly Metrics'!C:C,"Snohomish",'Data - Monthly Metrics'!D:D,"Revenue Up for Renewal - Target ($)")+SUMIFS('Data - Monthly Metrics'!E:E,'Data - Monthly Metrics'!A:A,$B$4-1,'Data - Monthly Metrics'!B:B,"Oct",'Data - Monthly Metrics'!C:C,"Snohomish",'Data - Monthly Metrics'!D:D,"Revenue Up for Renewal - Non-Target ($)") | C22: =SUMIFS('Data - Monthly Metrics'!E:E,'Data - Monthly Metrics'!A:A,$B$4-1,'Data - Monthly Metrics'!B:B,"Nov",'Data - Monthly Metrics'!C:C,"Snohomish",'Data - Monthly Metrics'!D:D,"Revenue Up for Renewal - Target ($)")+SUMIFS('Data - Monthly Metrics'!E:E,'Data - Monthly Metrics'!A:A,$B$4-1,'Data - Monthly Metrics'!B:B,"Nov",'Data - Monthly Metrics'!C:C,"Snohomish",'Data - Monthly Metrics'!D:D,"Revenue Up for Renewal - Non-Target ($)") | D22: =SUMIFS('Data - Monthly Metrics'!E:E,'Data - Monthly Metrics'!A:A,$B$4-1,'Data - Monthly Metrics'!B:B,"Dec",'Data - Monthly Metrics'!C:C,"Snohomish",'Data - Monthly Metrics'!D:D,"Revenue Up for Renewal - Target ($)")+SUMIFS('Data - Monthly Metrics'!E:E,'Data - Monthly Metrics'!A:A,$B$4-1,'Data - Monthly Metrics'!B:B,"Dec",'Data - Monthly Metrics'!C:C,"Snohomish",'Data - Monthly Metrics'!D:D,"Revenue Up for Renewal - Non-Target ($)") | E22: =SUM(B22,C22,D22) | F22: =SUMIFS('Data - Monthly Metrics'!E:E,'Data - Monthly Metrics'!A:A,$B$4,'Data - Monthly Metrics'!B:B,"Jan",'Data - Monthly Metrics'!C:C,"Snohomish",'Data - Monthly Metrics'!D:D,"Revenue Up for Renewal - Target ($)")+SUMIFS('Data - Monthly Metrics'!E:E,'Data - Monthly Metrics'!A:A,$B$4,'Data - Monthly Metrics'!B:B,"Jan",'Data - Monthly Metrics'!C:C,"Snohomish",'Data - Monthly Metrics'!D:D,"Revenue Up for Renewal - Non-Target ($)") | G22: =SUMIFS('Data - Monthly Metrics'!E:E,'Data - Monthly Metrics'!A:A,$B$4,'Data - Monthly Metrics'!B:B,"Feb",'Data - Monthly Metrics'!C:C,"Snohomish",'Data - Monthly Metrics'!D:D,"Revenue Up for Renewal - Target ($)")+SUMIFS('Data - Monthly Metrics'!E:E,'Data - Monthly Metrics'!A:A,$B$4,'Data - Monthly Metrics'!B:B,"Feb",'Data - Monthly Metrics'!C:C,"Snohomish",'Data - Monthly Metrics'!D:D,"Revenue Up for Renewal - Non-Target ($)") | H22: =SUMIFS('Data - Monthly Metrics'!E:E,'Data - Monthly Metrics'!A:A,$B$4,'Data - Monthly Metrics'!B:B,"Mar",'Data - Monthly Metrics'!C:C,"Snohomish",'Data - Monthly Metrics'!D:D,"Revenue Up for Renewal - Target ($)")+SUMIFS('Data - Monthly Metrics'!E:E,'Data - Monthly Metrics'!A:A,$B$4,'Data - Monthly Metrics'!B:B,"Mar",'Data - Monthly Metrics'!C:C,"Snohomish",'Data - Monthly Metrics'!D:D,"Revenue Up for Renewal - Non-Target ($)") | I22: =SUM(F22,G22,H22) | J22: =SUMIFS('Data - Monthly Metrics'!E:E,'Data - Monthly Metrics'!A:A,$B$4,'Data - Monthly Metrics'!B:B,"Apr",'Data - Monthly Metrics'!C:C,"Snohomish",'Data - Monthly Metrics'!D:D,"Revenue Up for Renewal - Target ($)")+SUMIFS('Data - Monthly Metrics'!E:E,'Data - Monthly Metrics'!A:A,$B$4,'Data - Monthly Metrics'!B:B,"Apr",'Data - Monthly Metrics'!C:C,"Snohomish",'Data - Monthly Metrics'!D:D,"Revenue Up for Renewal - Non-Target ($)") | K22: =SUMIFS('Data - Monthly Metrics'!E:E,'Data - Monthly Metrics'!A:A,$B$4,'Data - Monthly Metrics'!B:B,"May",'Data - Monthly Metrics'!C:C,"Snohomish",'Data - Monthly Metrics'!D:D,"Revenue Up for Renewal - Target ($)")+SUMIFS('Data - Monthly Metrics'!E:E,'Data - Monthly Metrics'!A:A,$B$4,'Data - Monthly Metrics'!B:B,"May",'Data - Monthly Metrics'!C:C,"Snohomish",'Data - Monthly Metrics'!D:D,"Revenue Up for Renewal - Non-Target ($)") | L22: =SUMIFS('Data - Monthly Metrics'!E:E,'Data - Monthly Metrics'!A:A,$B$4,'Data - Monthly Metrics'!B:B,"Jun",'Data - Monthly Metrics'!C:C,"Snohomish",'Data - Monthly Metrics'!D:D,"Revenue Up for Renewal - Target ($)")+SUMIFS('Data - Monthly Metrics'!E:E,'Data - Monthly Metrics'!A:A,$B$4,'Data - Monthly Metrics'!B:B,"Jun",'Data - Monthly Metrics'!C:C,"Snohomish",'Data - Monthly Metrics'!D:D,"Revenue Up for Renewal - Non-Target ($)") | M22: =SUM(J22,K22,L22) | N22: =SUMIFS('Data - Monthly Metrics'!E:E,'Data - Monthly Metrics'!A:A,$B$4,'Data - Monthly Metrics'!B:B,"Jul",'Data - Monthly Metrics'!C:C,"Snohomish",'Data - Monthly Metrics'!D:D,"Revenue Up for Renewal - Target ($)")+SUMIFS('Data - Monthly Metrics'!E:E,'Data - Monthly Metrics'!A:A,$B$4,'Data - Monthly Metrics'!B:B,"Jul",'Data - Monthly Metrics'!C:C,"Snohomish",'Data - Monthly Metrics'!D:D,"Revenue Up for Renewal - Non-Target ($)") | O22: =SUMIFS('Data - Monthly Metrics'!E:E,'Data - Monthly Metrics'!A:A,$B$4,'Data - Monthly Metrics'!B:B,"Aug",'Data - Monthly Metrics'!C:C,"Snohomish",'Data - Monthly Metrics'!D:D,"Revenue Up for Renewal - Target ($)")+SUMIFS('Data - Monthly Metrics'!E:E,'Data - Monthly Metrics'!A:A,$B$4,'Data - Monthly Metrics'!B:B,"Aug",'Data - Monthly Metrics'!C:C,"Snohomish",'Data - Monthly Metrics'!D:D,"Revenue Up for Renewal - Non-Target ($)") | P22: =SUMIFS('Data - Monthly Metrics'!E:E,'Data - Monthly Metrics'!A:A,$B$4,'Data - Monthly Metrics'!B:B,"Sep",'Data - Monthly Metrics'!C:C,"Snohomish",'Data - Monthly Metrics'!D:D,"Revenue Up for Renewal - Target ($)")+SUMIFS('Data - Monthly Metrics'!E:E,'Data - Monthly Metrics'!A:A,$B$4,'Data - Monthly Metrics'!B:B,"Sep",'Data - Monthly Metrics'!C:C,"Snohomish",'Data - Monthly Metrics'!D:D,"Revenue Up for Renewal - Non-Target ($)") | Q22: =SUM(N22,O22,P22) | R22: =SUM(E22,I22,M22,Q22)
A23: Revenue Retained — T + NT ($) | B23: =SUMIFS('Data - Monthly Metrics'!E:E,'Data - Monthly Metrics'!A:A,$B$4-1,'Data - Monthly Metrics'!B:B,"Oct",'Data - Monthly Metrics'!C:C,"Snohomish",'Data - Monthly Metrics'!D:D,"Revenue Retained - Target ($)")+SUMIFS('Data - Monthly Metrics'!E:E,'Data - Monthly Metrics'!A:A,$B$4-1,'Data - Monthly Metrics'!B:B,"Oct",'Data - Monthly Metrics'!C:C,"Snohomish",'Data - Monthly Metrics'!D:D,"Revenue Retained - Non-Target ($)") | C23: =SUMIFS('Data - Monthly Metrics'!E:E,'Data - Monthly Metrics'!A:A,$B$4-1,'Data - Monthly Metrics'!B:B,"Nov",'Data - Monthly Metrics'!C:C,"Snohomish",'Data - Monthly Metrics'!D:D,"Revenue Retained - Target ($)")+SUMIFS('Data - Monthly Metrics'!E:E,'Data - Monthly Metrics'!A:A,$B$4-1,'Data - Monthly Metrics'!B:B,"Nov",'Data - Monthly Metrics'!C:C,"Snohomish",'Data - Monthly Metrics'!D:D,"Revenue Retained - Non-Target ($)") | D23: =SUMIFS('Data - Monthly Metrics'!E:E,'Data - Monthly Metrics'!A:A,$B$4-1,'Data - Monthly Metrics'!B:B,"Dec",'Data - Monthly Metrics'!C:C,"Snohomish",'Data - Monthly Metrics'!D:D,"Revenue Retained - Target ($)")+SUMIFS('Data - Monthly Metrics'!E:E,'Data - Monthly Metrics'!A:A,$B$4-1,'Data - Monthly Metrics'!B:B,"Dec",'Data - Monthly Metrics'!C:C,"Snohomish",'Data - Monthly Metrics'!D:D,"Revenue Retained - Non-Target ($)") | E23: =SUM(B23,C23,D23) | F23: =SUMIFS('Data - Monthly Metrics'!E:E,'Data - Monthly Metrics'!A:A,$B$4,'Data - Monthly Metrics'!B:B,"Jan",'Data - Monthly Metrics'!C:C,"Snohomish",'Data - Monthly Metrics'!D:D,"Revenue Retained - Target ($)")+SUMIFS('Data - Monthly Metrics'!E:E,'Data - Monthly Metrics'!A:A,$B$4,'Data - Monthly Metrics'!B:B,"Jan",'Data - Monthly Metrics'!C:C,"Snohomish",'Data - Monthly Metrics'!D:D,"Revenue Retained - Non-Target ($)") | G23: =SUMIFS('Data - Monthly Metrics'!E:E,'Data - Monthly Metrics'!A:A,$B$4,'Data - Monthly Metrics'!B:B,"Feb",'Data - Monthly Metrics'!C:C,"Snohomish",'Data - Monthly Metrics'!D:D,"Revenue Retained - Target ($)")+SUMIFS('Data - Monthly Metrics'!E:E,'Data - Monthly Metrics'!A:A,$B$4,'Data - Monthly Metrics'!B:B,"Feb",'Data - Monthly Metrics'!C:C,"Snohomish",'Data - Monthly Metrics'!D:D,"Revenue Retained - Non-Target ($)") | H23: =SUMIFS('Data - Monthly Metrics'!E:E,'Data - Monthly Metrics'!A:A,$B$4,'Data - Monthly Metrics'!B:B,"Mar",'Data - Monthly Metrics'!C:C,"Snohomish",'Data - Monthly Metrics'!D:D,"Revenue Retained - Target ($)")+SUMIFS('Data - Monthly Metrics'!E:E,'Data - Monthly Metrics'!A:A,$B$4,'Data - Monthly Metrics'!B:B,"Mar",'Data - Monthly Metrics'!C:C,"Snohomish",'Data - Monthly Metrics'!D:D,"Revenue Retained - Non-Target ($)") | I23: =SUM(F23,G23,H23) | J23: =SUMIFS('Data - Monthly Metrics'!E:E,'Data - Monthly Metrics'!A:A,$B$4,'Data - Monthly Metrics'!B:B,"Apr",'Data - Monthly Metrics'!C:C,"Snohomish",'Data - Monthly Metrics'!D:D,"Revenue Retained - Target ($)")+SUMIFS('Data - Monthly Metrics'!E:E,'Data - Monthly Metrics'!A:A,$B$4,'Data - Monthly Metrics'!B:B,"Apr",'Data - Monthly Metrics'!C:C,"Snohomish",'Data - Monthly Metrics'!D:D,"Revenue Retained - Non-Target ($)") | K23: =SUMIFS('Data - Monthly Metrics'!E:E,'Data - Monthly Metrics'!A:A,$B$4,'Data - Monthly Metrics'!B:B,"May",'Data - Monthly Metrics'!C:C,"Snohomish",'Data - Monthly Metrics'!D:D,"Revenue Retained - Target ($)")+SUMIFS('Data - Monthly Metrics'!E:E,'Data - Monthly Metrics'!A:A,$B$4,'Data - Monthly Metrics'!B:B,"May",'Data - Monthly Metrics'!C:C,"Snohomish",'Data - Monthly Metrics'!D:D,"Revenue Retained - Non-Target ($)") | L23: =SUMIFS('Data - Monthly Metrics'!E:E,'Data - Monthly Metrics'!A:A,$B$4,'Data - Monthly Metrics'!B:B,"Jun",'Data - Monthly Metrics'!C:C,"Snohomish",'Data - Monthly Metrics'!D:D,"Revenue Retained - Target ($)")+SUMIFS('Data - Monthly Metrics'!E:E,'Data - Monthly Metrics'!A:A,$B$4,'Data - Monthly Metrics'!B:B,"Jun",'Data - Monthly Metrics'!C:C,"Snohomish",'Data - Monthly Metrics'!D:D,"Revenue Retained - Non-Target ($)") | M23: =SUM(J23,K23,L23) | N23: =SUMIFS('Data - Monthly Metrics'!E:E,'Data - Monthly Metrics'!A:A,$B$4,'Data - Monthly Metrics'!B:B,"Jul",'Data - Monthly Metrics'!C:C,"Snohomish",'Data - Monthly Metrics'!D:D,"Revenue Retained - Target ($)")+SUMIFS('Data - Monthly Metrics'!E:E,'Data - Monthly Metrics'!A:A,$B$4,'Data - Monthly Metrics'!B:B,"Jul",'Data - Monthly Metrics'!C:C,"Snohomish",'Data - Monthly Metrics'!D:D,"Revenue Retained - Non-Target ($)") | O23: =SUMIFS('Data - Monthly Metrics'!E:E,'Data - Monthly Metrics'!A:A,$B$4,'Data - Monthly Metrics'!B:B,"Aug",'Data - Monthly Metrics'!C:C,"Snohomish",'Data - Monthly Metrics'!D:D,"Revenue Retained - Target ($)")+SUMIFS('Data - Monthly Metrics'!E:E,'Data - Monthly Metrics'!A:A,$B$4,'Data - Monthly Metrics'!B:B,"Aug",'Data - Monthly Metrics'!C:C,"Snohomish",'Data - Monthly Metrics'!D:D,"Revenue Retained - Non-Target ($)") | P23: =SUMIFS('Data - Monthly Metrics'!E:E,'Data - Monthly Metrics'!A:A,$B$4,'Data - Monthly Metrics'!B:B,"Sep",'Data - Monthly Metrics'!C:C,"Snohomish",'Data - Monthly Metrics'!D:D,"Revenue Retained - Target ($)")+SUMIFS('Data - Monthly Metrics'!E:E,'Data - Monthly Metrics'!A:A,$B$4,'Data - Monthly Metrics'!B:B,"Sep",'Data - Monthly Metrics'!C:C,"Snohomish",'Data - Monthly Metrics'!D:D,"Revenue Retained - Non-Target ($)") | Q23: =SUM(N23,O23,P23) | R23: =SUM(E23,I23,M23,Q23)
A24: Comped ($) — not counted in retention | B24: =SUMIFS('Data - Monthly Metrics'!E:E,'Data - Monthly Metrics'!A:A,$B$4-1,'Data - Monthly Metrics'!B:B,"Oct",'Data - Monthly Metrics'!C:C,"Snohomish",'Data - Monthly Metrics'!D:D,"Retention - Comped ($)") | C24: =SUMIFS('Data - Monthly Metrics'!E:E,'Data - Monthly Metrics'!A:A,$B$4-1,'Data - Monthly Metrics'!B:B,"Nov",'Data - Monthly Metrics'!C:C,"Snohomish",'Data - Monthly Metrics'!D:D,"Retention - Comped ($)") | D24: =SUMIFS('Data - Monthly Metrics'!E:E,'Data - Monthly Metrics'!A:A,$B$4-1,'Data - Monthly Metrics'!B:B,"Dec",'Data - Monthly Metrics'!C:C,"Snohomish",'Data - Monthly Metrics'!D:D,"Retention - Comped ($)") | E24: =SUM(B24,C24,D24) | F24: =SUMIFS('Data - Monthly Metrics'!E:E,'Data - Monthly Metrics'!A:A,$B$4,'Data - Monthly Metrics'!B:B,"Jan",'Data - Monthly Metrics'!C:C,"Snohomish",'Data - Monthly Metrics'!D:D,"Retention - Comped ($)") | G24: =SUMIFS('Data - Monthly Metrics'!E:E,'Data - Monthly Metrics'!A:A,$B$4,'Data - Monthly Metrics'!B:B,"Feb",'Data - Monthly Metrics'!C:C,"Snohomish",'Data - Monthly Metrics'!D:D,"Retention - Comped ($)") | H24: =SUMIFS('Data - Monthly Metrics'!E:E,'Data - Monthly Metrics'!A:A,$B$4,'Data - Monthly Metrics'!B:B,"Mar",'Data - Monthly Metrics'!C:C,"Snohomish",'Data - Monthly Metrics'!D:D,"Retention - Comped ($)") | I24: =SUM(F24,G24,H24) | J24: =SUMIFS('Data - Monthly Metrics'!E:E,'Data - Monthly Metrics'!A:A,$B$4,'Data - Monthly Metrics'!B:B,"Apr",'Data - Monthly Metrics'!C:C,"Snohomish",'Data - Monthly Metrics'!D:D,"Retention - Comped ($)") | K24: =SUMIFS('Data - Monthly Metrics'!E:E,'Data - Monthly Metrics'!A:A,$B$4,'Data - Monthly Metrics'!B:B,"May",'Data - Monthly Metrics'!C:C,"Snohomish",'Data - Monthly Metrics'!D:D,"Retention - Comped ($)") | L24: =SUMIFS('Data - Monthly Metrics'!E:E,'Data - Monthly Metrics'!A:A,$B$4,'Data - Monthly Metrics'!B:B,"Jun",'Data - Monthly Metrics'!C:C,"Snohomish",'Data - Monthly Metrics'!D:D,"Retention - Comped ($)") | M24: =SUM(J24,K24,L24) | N24: =SUMIFS('Data - Monthly Metrics'!E:E,'Data - Monthly Metrics'!A:A,$B$4,'Data - Monthly Metrics'!B:B,"Jul",'Data - Monthly Metrics'!C:C,"Snohomish",'Data - Monthly Metrics'!D:D,"Retention - Comped ($)") | O24: =SUMIFS('Data - Monthly Metrics'!E:E,'Data - Monthly Metrics'!A:A,$B$4,'Data - Monthly Metrics'!B:B,"Aug",'Data - Monthly Metrics'!C:C,"Snohomish",'Data - Monthly Metrics'!D:D,"Retention - Comped ($)") | P24: =SUMIFS('Data - Monthly Metrics'!E:E,'Data - Monthly Metrics'!A:A,$B$4,'Data - Monthly Metrics'!B:B,"Sep",'Data - Monthly Metrics'!C:C,"Snohomish",'Data - Monthly Metrics'!D:D,"Retention - Comped ($)") | Q24: =SUM(N24,O24,P24) | R24: =SUM(E24,I24,M24,Q24)
A25: Comped Members (#) | B25: =SUMIFS('Data - Monthly Metrics'!E:E,'Data - Monthly Metrics'!A:A,$B$4-1,'Data - Monthly Metrics'!B:B,"Oct",'Data - Monthly Metrics'!C:C,"Snohomish",'Data - Monthly Metrics'!D:D,"Retention - Comped (#)") | C25: =SUMIFS('Data - Monthly Metrics'!E:E,'Data - Monthly Metrics'!A:A,$B$4-1,'Data - Monthly Metrics'!B:B,"Nov",'Data - Monthly Metrics'!C:C,"Snohomish",'Data - Monthly Metrics'!D:D,"Retention - Comped (#)") | D25: =SUMIFS('Data - Monthly Metrics'!E:E,'Data - Monthly Metrics'!A:A,$B$4-1,'Data - Monthly Metrics'!B:B,"Dec",'Data - Monthly Metrics'!C:C,"Snohomish",'Data - Monthly Metrics'!D:D,"Retention - Comped (#)") | E25: =SUM(B25,C25,D25) | F25: =SUMIFS('Data - Monthly Metrics'!E:E,'Data - Monthly Metrics'!A:A,$B$4,'Data - Monthly Metrics'!B:B,"Jan",'Data - Monthly Metrics'!C:C,"Snohomish",'Data - Monthly Metrics'!D:D,"Retention - Comped (#)") | G25: =SUMIFS('Data - Monthly Metrics'!E:E,'Data - Monthly Metrics'!A:A,$B$4,'Data - Monthly Metrics'!B:B,"Feb",'Data - Monthly Metrics'!C:C,"Snohomish",'Data - Monthly Metrics'!D:D,"Retention - Comped (#)") | H25: =SUMIFS('Data - Monthly Metrics'!E:E,'Data - Monthly Metrics'!A:A,$B$4,'Data - Monthly Metrics'!B:B,"Mar",'Data - Monthly Metrics'!C:C,"Snohomish",'Data - Monthly Metrics'!D:D,"Retention - Comped (#)") | I25: =SUM(F25,G25,H25) | J25: =SUMIFS('Data - Monthly Metrics'!E:E,'Data - Monthly Metrics'!A:A,$B$4,'Data - Monthly Metrics'!B:B,"Apr",'Data - Monthly Metrics'!C:C,"Snohomish",'Data - Monthly Metrics'!D:D,"Retention - Comped (#)") | K25: =SUMIFS('Data - Monthly Metrics'!E:E,'Data - Monthly Metrics'!A:A,$B$4,'Data - Monthly Metrics'!B:B,"May",'Data - Monthly Metrics'!C:C,"Snohomish",'Data - Monthly Metrics'!D:D,"Retention - Comped (#)") | L25: =SUMIFS('Data - Monthly Metrics'!E:E,'Data - Monthly Metrics'!A:A,$B$4,'Data - Monthly Metrics'!B:B,"Jun",'Data - Monthly Metrics'!C:C,"Snohomish",'Data - Monthly Metrics'!D:D,"Retention - Comped (#)") | M25: =SUM(J25,K25,L25) | N25: =SUMIFS('Data - Monthly Metrics'!E:E,'Data - Monthly Metrics'!A:A,$B$4,'Data - Monthly Metrics'!B:B,"Jul",'Data - Monthly Metrics'!C:C,"Snohomish",'Data - Monthly Metrics'!D:D,"Retention - Comped (#)") | O25: =SUMIFS('Data - Monthly Metrics'!E:E,'Data - Monthly Metrics'!A:A,$B$4,'Data - Monthly Metrics'!B:B,"Aug",'Data - Monthly Metrics'!C:C,"Snohomish",'Data - Monthly Metrics'!D:D,"Retention - Comped (#)") | P25: =SUMIFS('Data - Monthly Metrics'!E:E,'Data - Monthly Metrics'!A:A,$B$4,'Data - Monthly Metrics'!B:B,"Sep",'Data - Monthly Metrics'!C:C,"Snohomish",'Data - Monthly Metrics'!D:D,"Retention - Comped (#)") | Q25: =SUM(N25,O25,P25) | R25: =SUM(E25,I25,M25,Q25)
A26: BOB Renewals ($) — counted in retention | B26: =SUMIFS('Data - Monthly Metrics'!E:E,'Data - Monthly Metrics'!A:A,$B$4-1,'Data - Monthly Metrics'!B:B,"Oct",'Data - Monthly Metrics'!C:C,"Snohomish",'Data - Monthly Metrics'!D:D,"Retention - BOB ($)") | C26: =SUMIFS('Data - Monthly Metrics'!E:E,'Data - Monthly Metrics'!A:A,$B$4-1,'Data - Monthly Metrics'!B:B,"Nov",'Data - Monthly Metrics'!C:C,"Snohomish",'Data - Monthly Metrics'!D:D,"Retention - BOB ($)") | D26: =SUMIFS('Data - Monthly Metrics'!E:E,'Data - Monthly Metrics'!A:A,$B$4-1,'Data - Monthly Metrics'!B:B,"Dec",'Data - Monthly Metrics'!C:C,"Snohomish",'Data - Monthly Metrics'!D:D,"Retention - BOB ($)") | E26: =SUM(B26,C26,D26) | F26: =SUMIFS('Data - Monthly Metrics'!E:E,'Data - Monthly Metrics'!A:A,$B$4,'Data - Monthly Metrics'!B:B,"Jan",'Data - Monthly Metrics'!C:C,"Snohomish",'Data - Monthly Metrics'!D:D,"Retention - BOB ($)") | G26: =SUMIFS('Data - Monthly Metrics'!E:E,'Data - Monthly Metrics'!A:A,$B$4,'Data - Monthly Metrics'!B:B,"Feb",'Data - Monthly Metrics'!C:C,"Snohomish",'Data - Monthly Metrics'!D:D,"Retention - BOB ($)") | H26: =SUMIFS('Data - Monthly Metrics'!E:E,'Data - Monthly Metrics'!A:A,$B$4,'Data - Monthly Metrics'!B:B,"Mar",'Data - Monthly Metrics'!C:C,"Snohomish",'Data - Monthly Metrics'!D:D,"Retention - BOB ($)") | I26: =SUM(F26,G26,H26) | J26: =SUMIFS('Data - Monthly Metrics'!E:E,'Data - Monthly Metrics'!A:A,$B$4,'Data - Monthly Metrics'!B:B,"Apr",'Data - Monthly Metrics'!C:C,"Snohomish",'Data - Monthly Metrics'!D:D,"Retention - BOB ($)") | K26: =SUMIFS('Data - Monthly Metrics'!E:E,'Data - Monthly Metrics'!A:A,$B$4,'Data - Monthly Metrics'!B:B,"May",'Data - Monthly Metrics'!C:C,"Snohomish",'Data - Monthly Metrics'!D:D,"Retention - BOB ($)") | L26: =SUMIFS('Data - Monthly Metrics'!E:E,'Data - Monthly Metrics'!A:A,$B$4,'Data - Monthly Metrics'!B:B,"Jun",'Data - Monthly Metrics'!C:C,"Snohomish",'Data - Monthly Metrics'!D:D,"Retention - BOB ($)") | M26: =SUM(J26,K26,L26) | N26: =SUMIFS('Data - Monthly Metrics'!E:E,'Data - Monthly Metrics'!A:A,$B$4,'Data - Monthly Metrics'!B:B,"Jul",'Data - Monthly Metrics'!C:C,"Snohomish",'Data - Monthly Metrics'!D:D,"Retention - BOB ($)") | O26: =SUMIFS('Data - Monthly Metrics'!E:E,'Data - Monthly Metrics'!A:A,$B$4,'Data - Monthly Metrics'!B:B,"Aug",'Data - Monthly Metrics'!C:C,"Snohomish",'Data - Monthly Metrics'!D:D,"Retention - BOB ($)") | P26: =SUMIFS('Data - Monthly Metrics'!E:E,'Data - Monthly Metrics'!A:A,$B$4,'Data - Monthly Metrics'!B:B,"Sep",'Data - Monthly Metrics'!C:C,"Snohomish",'Data - Monthly Metrics'!D:D,"Retention - BOB ($)") | Q26: =SUM(N26,O26,P26) | R26: =SUM(E26,I26,M26,Q26)
A27: BOB Renewals (#) | B27: =SUMIFS('Data - Monthly Metrics'!E:E,'Data - Monthly Metrics'!A:A,$B$4-1,'Data - Monthly Metrics'!B:B,"Oct",'Data - Monthly Metrics'!C:C,"Snohomish",'Data - Monthly Metrics'!D:D,"Retention - BOB (#)") | C27: =SUMIFS('Data - Monthly Metrics'!E:E,'Data - Monthly Metrics'!A:A,$B$4-1,'Data - Monthly Metrics'!B:B,"Nov",'Data - Monthly Metrics'!C:C,"Snohomish",'Data - Monthly Metrics'!D:D,"Retention - BOB (#)") | D27: =SUMIFS('Data - Monthly Metrics'!E:E,'Data - Monthly Metrics'!A:A,$B$4-1,'Data - Monthly Metrics'!B:B,"Dec",'Data - Monthly Metrics'!C:C,"Snohomish",'Data - Monthly Metrics'!D:D,"Retention - BOB (#)") | E27: =SUM(B27,C27,D27) | F27: =SUMIFS('Data - Monthly Metrics'!E:E,'Data - Monthly Metrics'!A:A,$B$4,'Data - Monthly Metrics'!B:B,"Jan",'Data - Monthly Metrics'!C:C,"Snohomish",'Data - Monthly Metrics'!D:D,"Retention - BOB (#)") | G27: =SUMIFS('Data - Monthly Metrics'!E:E,'Data - Monthly Metrics'!A:A,$B$4,'Data - Monthly Metrics'!B:B,"Feb",'Data - Monthly Metrics'!C:C,"Snohomish",'Data - Monthly Metrics'!D:D,"Retention - BOB (#)") | H27: =SUMIFS('Data - Monthly Metrics'!E:E,'Data - Monthly Metrics'!A:A,$B$4,'Data - Monthly Metrics'!B:B,"Mar",'Data - Monthly Metrics'!C:C,"Snohomish",'Data - Monthly Metrics'!D:D,"Retention - BOB (#)") | I27: =SUM(F27,G27,H27) | J27: =SUMIFS('Data - Monthly Metrics'!E:E,'Data - Monthly Metrics'!A:A,$B$4,'Data - Monthly Metrics'!B:B,"Apr",'Data - Monthly Metrics'!C:C,"Snohomish",'Data - Monthly Metrics'!D:D,"Retention - BOB (#)") | K27: =SUMIFS('Data - Monthly Metrics'!E:E,'Data - Monthly Metrics'!A:A,$B$4,'Data - Monthly Metrics'!B:B,"May",'Data - Monthly Metrics'!C:C,"Snohomish",'Data - Monthly Metrics'!D:D,"Retention - BOB (#)") | L27: =SUMIFS('Data - Monthly Metrics'!E:E,'Data - Monthly Metrics'!A:A,$B$4,'Data - Monthly Metrics'!B:B,"Jun",'Data - Monthly Metrics'!C:C,"Snohomish",'Data - Monthly Metrics'!D:D,"Retention - BOB (#)") | M27: =SUM(J27,K27,L27) | N27: =SUMIFS('Data - Monthly Metrics'!E:E,'Data - Monthly Metrics'!A:A,$B$4,'Data - Monthly Metrics'!B:B,"Jul",'Data - Monthly Metrics'!C:C,"Snohomish",'Data - Monthly Metrics'!D:D,"Retention - BOB (#)") | O27: =SUMIFS('Data - Monthly Metrics'!E:E,'Data - Monthly Metrics'!A:A,$B$4,'Data - Monthly Metrics'!B:B,"Aug",'Data - Monthly Metrics'!C:C,"Snohomish",'Data - Monthly Metrics'!D:D,"Retention - BOB (#)") | P27: =SUMIFS('Data - Monthly Metrics'!E:E,'Data - Monthly Metrics'!A:A,$B$4,'Data - Monthly Metrics'!B:B,"Sep",'Data - Monthly Metrics'!C:C,"Snohomish",'Data - Monthly Metrics'!D:D,"Retention - BOB (#)") | Q27: =SUM(N27,O27,P27) | R27: =SUM(E27,I27,M27,Q27)
A28: Revenue Retention % — T + NT | B28: =IF((SUMIFS('Data - Monthly Metrics'!E:E,'Data - Monthly Metrics'!A:A,$B$4-1,'Data - Monthly Metrics'!B:B,"Oct",'Data - Monthly Metrics'!C:C,"Snohomish",'Data - Monthly Metrics'!D:D,"Revenue Up for Renewal - Target ($)")+SUMIFS('Data - Monthly Metrics'!E:E,'Data - Monthly Metrics'!A:A,$B$4-1,'Data - Monthly Metrics'!B:B,"Oct",'Data - Monthly Metrics'!C:C,"Snohomish",'Data - Monthly Metrics'!D:D,"Revenue Up for Renewal - Non-Target ($)"))=0,"-",(SUMIFS('Data - Monthly Metrics'!E:E,'Data - Monthly Metrics'!A:A,$B$4-1,'Data - Monthly Metrics'!B:B,"Oct",'Data - Monthly Metrics'!C:C,"Snohomish",'Data - Monthly Metrics'!D:D,"Revenue Retained - Target ($)")+SUMIFS('Data - Monthly Metrics'!E:E,'Data - Monthly Metrics'!A:A,$B$4-1,'Data - Monthly Metrics'!B:B,"Oct",'Data - Monthly Metrics'!C:C,"Snohomish",'Data - Monthly Metrics'!D:D,"Revenue Retained - Non-Target ($)"))/(SUMIFS('Data - Monthly Metrics'!E:E,'Data - Monthly Metrics'!A:A,$B$4-1,'Data - Monthly Metrics'!B:B,"Oct",'Data - Monthly Metrics'!C:C,"Snohomish",'Data - Monthly Metrics'!D:D,"Revenue Up for Renewal - Target ($)")+SUMIFS('Data - Monthly Metrics'!E:E,'Data - Monthly Metrics'!A:A,$B$4-1,'Data - Monthly Metrics'!B:B,"Oct",'Data - Monthly Metrics'!C:C,"Snohomish",'Data - Monthly Metrics'!D:D,"Revenue Up for Renewal - Non-Target ($)"))) | C28: =IF((SUMIFS('Data - Monthly Metrics'!E:E,'Data - Monthly Metrics'!A:A,$B$4-1,'Data - Monthly Metrics'!B:B,"Nov",'Data - Monthly Metrics'!C:C,"Snohomish",'Data - Monthly Metrics'!D:D,"Revenue Up for Renewal - Target ($)")+SUMIFS('Data - Monthly Metrics'!E:E,'Data - Monthly Metrics'!A:A,$B$4-1,'Data - Monthly Metrics'!B:B,"Nov",'Data - Monthly Metrics'!C:C,"Snohomish",'Data - Monthly Metrics'!D:D,"Revenue Up for Renewal - Non-Target ($)"))=0,"-",(SUMIFS('Data - Monthly Metrics'!E:E,'Data - Monthly Metrics'!A:A,$B$4-1,'Data - Monthly Metrics'!B:B,"Nov",'Data - Monthly Metrics'!C:C,"Snohomish",'Data - Monthly Metrics'!D:D,"Revenue Retained - Target ($)")+SUMIFS('Data - Monthly Metrics'!E:E,'Data - Monthly Metrics'!A:A,$B$4-1,'Data - Monthly Metrics'!B:B,"Nov",'Data - Monthly Metrics'!C:C,"Snohomish",'Data - Monthly Metrics'!D:D,"Revenue Retained - Non-Target ($)"))/(SUMIFS('Data - Monthly Metrics'!E:E,'Data - Monthly Metrics'!A:A,$B$4-1,'Data - Monthly Metrics'!B:B,"Nov",'Data - Monthly Metrics'!C:C,"Snohomish",'Data - Monthly Metrics'!D:D,"Revenue Up for Renewal - Target ($)")+SUMIFS('Data - Monthly Metrics'!E:E,'Data - Monthly Metrics'!A:A,$B$4-1,'Data - Monthly Metrics'!B:B,"Nov",'Data - Monthly Metrics'!C:C,"Snohomish",'Data - Monthly Metrics'!D:D,"Revenue Up for Renewal - Non-Target ($)"))) | D28: =IF((SUMIFS('Data - Monthly Metrics'!E:E,'Data - Monthly Metrics'!A:A,$B$4-1,'Data - Monthly Metrics'!B:B,"Dec",'Data - Monthly Metrics'!C:C,"Snohomish",'Data - Monthly Metrics'!D:D,"Revenue Up for Renewal - Target ($)")+SUMIFS('Data - Monthly Metrics'!E:E,'Data - Monthly Metrics'!A:A,$B$4-1,'Data - Monthly Metrics'!B:B,"Dec",'Data - Monthly Metrics'!C:C,"Snohomish",'Data - Monthly Metrics'!D:D,"Revenue Up for Renewal - Non-Target ($)"))=0,"-",(SUMIFS('Data - Monthly Metrics'!E:E,'Data - Monthly Metrics'!A:A,$B$4-1,'Data - Monthly Metrics'!B:B,"Dec",'Data - Monthly Metrics'!C:C,"Snohomish",'Data - Monthly Metrics'!D:D,"Revenue Retained - Target ($)")+SUMIFS('Data - Monthly Metrics'!E:E,'Data - Monthly Metrics'!A:A,$B$4-1,'Data - Monthly Metrics'!B:B,"Dec",'Data - Monthly Metrics'!C:C,"Snohomish",'Data - Monthly Metrics'!D:D,"Revenue Retained - Non-Target ($)"))/(SUMIFS('Data - Monthly Metrics'!E:E,'Data - Monthly Metrics'!A:A,$B$4-1,'Data - Monthly Metrics'!B:B,"Dec",'Data - Monthly Metrics'!C:C,"Snohomish",'Data - Monthly Metrics'!D:D,"Revenue Up for Renewal - Target ($)")+SUMIFS('Data - Monthly Metrics'!E:E,'Data - Monthly Metrics'!A:A,$B$4-1,'Data - Monthly Metrics'!B:B,"Dec",'Data - Monthly Metrics'!C:C,"Snohomish",'Data - Monthly Metrics'!D:D,"Revenue Up for Renewal - Non-Target ($)"))) | E28: =IF(E22=0,0,E23/E22) | F28: =IF((SUMIFS('Data - Monthly Metrics'!E:E,'Data - Monthly Metrics'!A:A,$B$4,'Data - Monthly Metrics'!B:B,"Jan",'Data - Monthly Metrics'!C:C,"Snohomish",'Data - Monthly Metrics'!D:D,"Revenue Up for Renewal - Target ($)")+SUMIFS('Data - Monthly Metrics'!E:E,'Data - Monthly Metrics'!A:A,$B$4,'Data - Monthly Metrics'!B:B,"Jan",'Data - Monthly Metrics'!C:C,"Snohomish",'Data - Monthly Metrics'!D:D,"Revenue Up for Renewal - Non-Target ($)"))=0,"-",(SUMIFS('Data - Monthly Metrics'!E:E,'Data - Monthly Metrics'!A:A,$B$4,'Data - Monthly Metrics'!B:B,"Jan",'Data - Monthly Metrics'!C:C,"Snohomish",'Data - Monthly Metrics'!D:D,"Revenue Retained - Target ($)")+SUMIFS('Data - Monthly Metrics'!E:E,'Data - Monthly Metrics'!A:A,$B$4,'Data - Monthly Metrics'!B:B,"Jan",'Data - Monthly Metrics'!C:C,"Snohomish",'Data - Monthly Metrics'!D:D,"Revenue Retained - Non-Target ($)"))/(SUMIFS('Data - Monthly Metrics'!E:E,'Data - Monthly Metrics'!A:A,$B$4,'Data - Monthly Metrics'!B:B,"Jan",'Data - Monthly Metrics'!C:C,"Snohomish",'Data - Monthly Metrics'!D:D,"Revenue Up for Renewal - Target ($)")+SUMIFS('Data - Monthly Metrics'!E:E,'Data - Monthly Metrics'!A:A,$B$4,'Data - Monthly Metrics'!B:B,"Jan",'Data - Monthly Metrics'!C:C,"Snohomish",'Data - Monthly Metrics'!D:D,"Revenue Up for Renewal - Non-Target ($)"))) | G28: =IF((SUMIFS('Data - Monthly Metrics'!E:E,'Data - Monthly Metrics'!A:A,$B$4,'Data - Monthly Metrics'!B:B,"Feb",'Data - Monthly Metrics'!C:C,"Snohomish",'Data - Monthly Metrics'!D:D,"Revenue Up for Renewal - Target ($)")+SUMIFS('Data - Monthly Metrics'!E:E,'Data - Monthly Metrics'!A:A,$B$4,'Data - Monthly Metrics'!B:B,"Feb",'Data - Monthly Metrics'!C:C,"Snohomish",'Data - Monthly Metrics'!D:D,"Revenue Up for Renewal - Non-Target ($)"))=0,"-",(SUMIFS('Data - Monthly Metrics'!E:E,'Data - Monthly Metrics'!A:A,$B$4,'Data - Monthly Metrics'!B:B,"Feb",'Data - Monthly Metrics'!C:C,"Snohomish",'Data - Monthly Metrics'!D:D,"Revenue Retained - Target ($)")+SUMIFS('Data - Monthly Metrics'!E:E,'Data - Monthly Metrics'!A:A,$B$4,'Data - Monthly Metrics'!B:B,"Feb",'Data - Monthly Metrics'!C:C,"Snohomish",'Data - Monthly Metrics'!D:D,"Revenue Retained - Non-Target ($)"))/(SUMIFS('Data - Monthly Metrics'!E:E,'Data - Monthly Metrics'!A:A,$B$4,'Data - Monthly Metrics'!B:B,"Feb",'Data - Monthly Metrics'!C:C,"Snohomish",'Data - Monthly Metrics'!D:D,"Revenue Up for Renewal - Target ($)")+SUMIFS('Data - Monthly Metrics'!E:E,'Data - Monthly Metrics'!A:A,$B$4,'Data - Monthly Metrics'!B:B,"Feb",'Data - Monthly Metrics'!C:C,"Snohomish",'Data - Monthly Metrics'!D:D,"Revenue Up for Renewal - Non-Target ($)"))) | H28: =IF((SUMIFS('Data - Monthly Metrics'!E:E,'Data - Monthly Metrics'!A:A,$B$4,'Data - Monthly Metrics'!B:B,"Mar",'Data - Monthly Metrics'!C:C,"Snohomish",'Data - Monthly Metrics'!D:D,"Revenue Up for Renewal - Target ($)")+SUMIFS('Data - Monthly Metrics'!E:E,'Data - Monthly Metrics'!A:A,$B$4,'Data - Monthly Metrics'!B:B,"Mar",'Data - Monthly Metrics'!C:C,"Snohomish",'Data - Monthly Metrics'!D:D,"Revenue Up for Renewal - Non-Target ($)"))=0,"-",(SUMIFS('Data - Monthly Metrics'!E:E,'Data - Monthly Metrics'!A:A,$B$4,'Data - Monthly Metrics'!B:B,"Mar",'Data - Monthly Metrics'!C:C,"Snohomish",'Data - Monthly Metrics'!D:D,"Revenue Retained - Target ($)")+SUMIFS('Data - Monthly Metrics'!E:E,'Data - Monthly Metrics'!A:A,$B$4,'Data - Monthly Metrics'!B:B,"Mar",'Data - Monthly Metrics'!C:C,"Snohomish",'Data - Monthly Metrics'!D:D,"Revenue Retained - Non-Target ($)"))/(SUMIFS('Data - Monthly Metrics'!E:E,'Data - Monthly Metrics'!A:A,$B$4,'Data - Monthly Metrics'!B:B,"Mar",'Data - Monthly Metrics'!C:C,"Snohomish",'Data - Monthly Metrics'!D:D,"Revenue Up for Renewal - Target ($)")+SUMIFS('Data - Monthly Metrics'!E:E,'Data - Monthly Metrics'!A:A,$B$4,'Data - Monthly Metrics'!B:B,"Mar",'Data - Monthly Metrics'!C:C,"Snohomish",'Data - Monthly Metrics'!D:D,"Revenue Up for Renewal - Non-Target ($)"))) | I28: =IF(I22=0,0,I23/I22) | J28: =IF((SUMIFS('Data - Monthly Metrics'!E:E,'Data - Monthly Metrics'!A:A,$B$4,'Data - Monthly Metrics'!B:B,"Apr",'Data - Monthly Metrics'!C:C,"Snohomish",'Data - Monthly Metrics'!D:D,"Revenue Up for Renewal - Target ($)")+SUMIFS('Data - Monthly Metrics'!E:E,'Data - Monthly Metrics'!A:A,$B$4,'Data - Monthly Metrics'!B:B,"Apr",'Data - Monthly Metrics'!C:C,"Snohomish",'Data - Monthly Metrics'!D:D,"Revenue Up for Renewal - Non-Target ($)"))=0,"-",(SUMIFS('Data - Monthly Metrics'!E:E,'Data - Monthly Metrics'!A:A,$B$4,'Data - Monthly Metrics'!B:B,"Apr",'Data - Monthly Metrics'!C:C,"Snohomish",'Data - Monthly Metrics'!D:D,"Revenue Retained - Target ($)")+SUMIFS('Data - Monthly Metrics'!E:E,'Data - Monthly Metrics'!A:A,$B$4,'Data - Monthly Metrics'!B:B,"Apr",'Data - Monthly Metrics'!C:C,"Snohomish",'Data - Monthly Metrics'!D:D,"Revenue Retained - Non-Target ($)"))/(SUMIFS('Data - Monthly Metrics'!E:E,'Data - Monthly Metrics'!A:A,$B$4,'Data - Monthly Metrics'!B:B,"Apr",'Data - Monthly Metrics'!C:C,"Snohomish",'Data - Monthly Metrics'!D:D,"Revenue Up for Renewal - Target ($)")+SUMIFS('Data - Monthly Metrics'!E:E,'Data - Monthly Metrics'!A:A,$B$4,'Data - Monthly Metrics'!B:B,"Apr",'Data - Monthly Metrics'!C:C,"Snohomish",'Data - Monthly Metrics'!D:D,"Revenue Up for Renewal - Non-Target ($)"))) | K28: =IF((SUMIFS('Data - Monthly Metrics'!E:E,'Data - Monthly Metrics'!A:A,$B$4,'Data - Monthly Metrics'!B:B,"May",'Data - Monthly Metrics'!C:C,"Snohomish",'Data - Monthly Metrics'!D:D,"Revenue Up for Renewal - Target ($)")+SUMIFS('Data - Monthly Metrics'!E:E,'Data - Monthly Metrics'!A:A,$B$4,'Data - Monthly Metrics'!B:B,"May",'Data - Monthly Metrics'!C:C,"Snohomish",'Data - Monthly Metrics'!D:D,"Revenue Up for Renewal - Non-Target ($)"))=0,"-",(SUMIFS('Data - Monthly Metrics'!E:E,'Data - Monthly Metrics'!A:A,$B$4,'Data - Monthly Metrics'!B:B,"May",'Data - Monthly Metrics'!C:C,"Snohomish",'Data - Monthly Metrics'!D:D,"Revenue Retained - Target ($)")+SUMIFS('Data - Monthly Metrics'!E:E,'Data - Monthly Metrics'!A:A,$B$4,'Data - Monthly Metrics'!B:B,"May",'Data - Monthly Metrics'!C:C,"Snohomish",'Data - Monthly Metrics'!D:D,"Revenue Retained - Non-Target ($)"))/(SUMIFS('Data - Monthly Metrics'!E:E,'Data - Monthly Metrics'!A:A,$B$4,'Data - Monthly Metrics'!B:B,"May",'Data - Monthly Metrics'!C:C,"Snohomish",'Data - Monthly Metrics'!D:D,"Revenue Up for Renewal - Target ($)")+SUMIFS('Data - Monthly Metrics'!E:E,'Data - Monthly Metrics'!A:A,$B$4,'Data - Monthly Metrics'!B:B,"May",'Data - Monthly Metrics'!C:C,"Snohomish",'Data - Monthly Metrics'!D:D,"Revenue Up for Renewal - Non-Target ($)"))) | L28: =IF((SUMIFS('Data - Monthly Metrics'!E:E,'Data - Monthly Metrics'!A:A,$B$4,'Data - Monthly Metrics'!B:B,"Jun",'Data - Monthly Metrics'!C:C,"Snohomish",'Data - Monthly Metrics'!D:D,"Revenue Up for Renewal - Target ($)")+SUMIFS('Data - Monthly Metrics'!E:E,'Data - Monthly Metrics'!A:A,$B$4,'Data - Monthly Metrics'!B:B,"Jun",'Data - Monthly Metrics'!C:C,"Snohomish",'Data - Monthly Metrics'!D:D,"Revenue Up for Renewal - Non-Target ($)"))=0,"-",(SUMIFS('Data - Monthly Metrics'!E:E,'Data - Monthly Metrics'!A:A,$B$4,'Data - Monthly Metrics'!B:B,"Jun",'Data - Monthly Metrics'!C:C,"Snohomish",'Data - Monthly Metrics'!D:D,"Revenue Retained - Target ($)")+SUMIFS('Data - Monthly Metrics'!E:E,'Data - Monthly Metrics'!A:A,$B$4,'Data - Monthly Metrics'!B:B,"Jun",'Data - Monthly Metrics'!C:C,"Snohomish",'Data - Monthly Metrics'!D:D,"Revenue Retained - Non-Target ($)"))/(SUMIFS('Data - Monthly Metrics'!E:E,'Data - Monthly Metrics'!A:A,$B$4,'Data - Monthly Metrics'!B:B,"Jun",'Data - Monthly Metrics'!C:C,"Snohomish",'Data - Monthly Metrics'!D:D,"Revenue Up for Renewal - Target ($)")+SUMIFS('Data - Monthly Metrics'!E:E,'Data - Monthly Metrics'!A:A,$B$4,'Data - Monthly Metrics'!B:B,"Jun",'Data - Monthly Metrics'!C:C,"Snohomish",'Data - Monthly Metrics'!D:D,"Revenue Up for Renewal - Non-Target ($)"))) | M28: =IF(M22=0,0,M23/M22) | N28: =IF((SUMIFS('Data - Monthly Metrics'!E:E,'Data - Monthly Metrics'!A:A,$B$4,'Data - Monthly Metrics'!B:B,"Jul",'Data - Monthly Metrics'!C:C,"Snohomish",'Data - Monthly Metrics'!D:D,"Revenue Up for Renewal - Target ($)")+SUMIFS('Data - Monthly Metrics'!E:E,'Data - Monthly Metrics'!A:A,$B$4,'Data - Monthly Metrics'!B:B,"Jul",'Data - Monthly Metrics'!C:C,"Snohomish",'Data - Monthly Metrics'!D:D,"Revenue Up for Renewal - Non-Target ($)"))=0,"-",(SUMIFS('Data - Monthly Metrics'!E:E,'Data - Monthly Metrics'!A:A,$B$4,'Data - Monthly Metrics'!B:B,"Jul",'Data - Monthly Metrics'!C:C,"Snohomish",'Data - Monthly Metrics'!D:D,"Revenue Retained - Target ($)")+SUMIFS('Data - Monthly Metrics'!E:E,'Data - Monthly Metrics'!A:A,$B$4,'Data - Monthly Metrics'!B:B,"Jul",'Data - Monthly Metrics'!C:C,"Snohomish",'Data - Monthly Metrics'!D:D,"Revenue Retained - Non-Target ($)"))/(SUMIFS('Data - Monthly Metrics'!E:E,'Data - Monthly Metrics'!A:A,$B$4,'Data - Monthly Metrics'!B:B,"Jul",'Data - Monthly Metrics'!C:C,"Snohomish",'Data - Monthly Metrics'!D:D,"Revenue Up for Renewal - Target ($)")+SUMIFS('Data - Monthly Metrics'!E:E,'Data - Monthly Metrics'!A:A,$B$4,'Data - Monthly Metrics'!B:B,"Jul",'Data - Monthly Metrics'!C:C,"Snohomish",'Data - Monthly Metrics'!D:D,"Revenue Up for Renewal - Non-Target ($)"))) | O28: =IF((SUMIFS('Data - Monthly Metrics'!E:E,'Data - Monthly Metrics'!A:A,$B$4,'Data - Monthly Metrics'!B:B,"Aug",'Data - Monthly Metrics'!C:C,"Snohomish",'Data - Monthly Metrics'!D:D,"Revenue Up for Renewal - Target ($)")+SUMIFS('Data - Monthly Metrics'!E:E,'Data - Monthly Metrics'!A:A,$B$4,'Data - Monthly Metrics'!B:B,"Aug",'Data - Monthly Metrics'!C:C,"Snohomish",'Data - Monthly Metrics'!D:D,"Revenue Up for Renewal - Non-Target ($)"))=0,"-",(SUMIFS('Data - Monthly Metrics'!E:E,'Data - Monthly Metrics'!A:A,$B$4,'Data - Monthly Metrics'!B:B,"Aug",'Data - Monthly Metrics'!C:C,"Snohomish",'Data - Monthly Metrics'!D:D,"Revenue Retained - Target ($)")+SUMIFS('Data - Monthly Metrics'!E:E,'Data - Monthly Metrics'!A:A,$B$4,'Data - Monthly Metrics'!B:B,"Aug",'Data - Monthly Metrics'!C:C,"Snohomish",'Data - Monthly Metrics'!D:D,"Revenue Retained - Non-Target ($)"))/(SUMIFS('Data - Monthly Metrics'!E:E,'Data - Monthly Metrics'!A:A,$B$4,'Data - Monthly Metrics'!B:B,"Aug",'Data - Monthly Metrics'!C:C,"Snohomish",'Data - Monthly Metrics'!D:D,"Revenue Up for Renewal - Target ($)")+SUMIFS('Data - Monthly Metrics'!E:E,'Data - Monthly Metrics'!A:A,$B$4,'Data - Monthly Metrics'!B:B,"Aug",'Data - Monthly Metrics'!C:C,"Snohomish",'Data - Monthly Metrics'!D:D,"Revenue Up for Renewal - Non-Target ($)"))) | P28: =IF((SUMIFS('Data - Monthly Metrics'!E:E,'Data - Monthly Metrics'!A:A,$B$4,'Data - Monthly Metrics'!B:B,"Sep",'Data - Monthly Metrics'!C:C,"Snohomish",'Data - Monthly Metrics'!D:D,"Revenue Up for Renewal - Target ($)")+SUMIFS('Data - Monthly Metrics'!E:E,'Data - Monthly Metrics'!A:A,$B$4,'Data - Monthly Metrics'!B:B,"Sep",'Data - Monthly Metrics'!C:C,"Snohomish",'Data - Monthly Metrics'!D:D,"Revenue Up for Renewal - Non-Target ($)"))=0,"-",(SUMIFS('Data - Monthly Metrics'!E:E,'Data - Monthly Metrics'!A:A,$B$4,'Data - Monthly Metrics'!B:B,"Sep",'Data - Monthly Metrics'!C:C,"Snohomish",'Data - Monthly Metrics'!D:D,"Revenue Retained - Target ($)")+SUMIFS('Data - Monthly Metrics'!E:E,'Data - Monthly Metrics'!A:A,$B$4,'Data - Monthly Metrics'!B:B,"Sep",'Data - Monthly Metrics'!C:C,"Snohomish",'Data - Monthly Metrics'!D:D,"Revenue Retained - Non-Target ($)"))/(SUMIFS('Data - Monthly Metrics'!E:E,'Data - Monthly Metrics'!A:A,$B$4,'Data - Monthly Metrics'!B:B,"Sep",'Data - Monthly Metrics'!C:C,"Snohomish",'Data - Monthly Metrics'!D:D,"Revenue Up for Renewal - Target ($)")+SUMIFS('Data - Monthly Metrics'!E:E,'Data - Monthly Metrics'!A:A,$B$4,'Data - Monthly Metrics'!B:B,"Sep",'Data - Monthly Metrics'!C:C,"Snohomish",'Data - Monthly Metrics'!D:D,"Revenue Up for Renewal - Non-Target ($)"))) | Q28: =IF(Q22=0,0,Q23/Q22) | R28: =IF(R22=0,0,R23/R22)
A29: Penetration — Restaurant % (Combined) | B29: =IF((SUMIFS('Data - Monthly Metrics'!E:E,'Data - Monthly Metrics'!A:A,$B$4-1,'Data - Monthly Metrics'!B:B,"Oct",'Data - Monthly Metrics'!C:C,"Snohomish",'Data - Monthly Metrics'!D:D,"Total Target Locations - Restaurant (#)")+SUMIFS('Data - Monthly Metrics'!E:E,'Data - Monthly Metrics'!A:A,$B$4-1,'Data - Monthly Metrics'!B:B,"Oct",'Data - Monthly Metrics'!C:C,"Snohomish",'Data - Monthly Metrics'!D:D,"Non-Target Locations - Restaurant (#)"))=0,"-",(SUMIFS('Data - Monthly Metrics'!E:E,'Data - Monthly Metrics'!A:A,$B$4-1,'Data - Monthly Metrics'!B:B,"Oct",'Data - Monthly Metrics'!C:C,"Snohomish",'Data - Monthly Metrics'!D:D,"Target Members - Restaurant (#)")+SUMIFS('Data - Monthly Metrics'!E:E,'Data - Monthly Metrics'!A:A,$B$4-1,'Data - Monthly Metrics'!B:B,"Oct",'Data - Monthly Metrics'!C:C,"Snohomish",'Data - Monthly Metrics'!D:D,"Non-Target Members - Restaurant (#)"))/(SUMIFS('Data - Monthly Metrics'!E:E,'Data - Monthly Metrics'!A:A,$B$4-1,'Data - Monthly Metrics'!B:B,"Oct",'Data - Monthly Metrics'!C:C,"Snohomish",'Data - Monthly Metrics'!D:D,"Total Target Locations - Restaurant (#)")+SUMIFS('Data - Monthly Metrics'!E:E,'Data - Monthly Metrics'!A:A,$B$4-1,'Data - Monthly Metrics'!B:B,"Oct",'Data - Monthly Metrics'!C:C,"Snohomish",'Data - Monthly Metrics'!D:D,"Non-Target Locations - Restaurant (#)"))) | C29: =IF((SUMIFS('Data - Monthly Metrics'!E:E,'Data - Monthly Metrics'!A:A,$B$4-1,'Data - Monthly Metrics'!B:B,"Nov",'Data - Monthly Metrics'!C:C,"Snohomish",'Data - Monthly Metrics'!D:D,"Total Target Locations - Restaurant (#)")+SUMIFS('Data - Monthly Metrics'!E:E,'Data - Monthly Metrics'!A:A,$B$4-1,'Data - Monthly Metrics'!B:B,"Nov",'Data - Monthly Metrics'!C:C,"Snohomish",'Data - Monthly Metrics'!D:D,"Non-Target Locations - Restaurant (#)"))=0,"-",(SUMIFS('Data - Monthly Metrics'!E:E,'Data - Monthly Metrics'!A:A,$B$4-1,'Data - Monthly Metrics'!B:B,"Nov",'Data - Monthly Metrics'!C:C,"Snohomish",'Data - Monthly Metrics'!D:D,"Target Members - Restaurant (#)")+SUMIFS('Data - Monthly Metrics'!E:E,'Data - Monthly Metrics'!A:A,$B$4-1,'Data - Monthly Metrics'!B:B,"Nov",'Data - Monthly Metrics'!C:C,"Snohomish",'Data - Monthly Metrics'!D:D,"Non-Target Members - Restaurant (#)"))/(SUMIFS('Data - Monthly Metrics'!E:E,'Data - Monthly Metrics'!A:A,$B$4-1,'Data - Monthly Metrics'!B:B,"Nov",'Data - Monthly Metrics'!C:C,"Snohomish",'Data - Monthly Metrics'!D:D,"Total Target Locations - Restaurant (#)")+SUMIFS('Data - Monthly Metrics'!E:E,'Data - Monthly Metrics'!A:A,$B$4-1,'Data - Monthly Metrics'!B:B,"Nov",'Data - Monthly Metrics'!C:C,"Snohomish",'Data - Monthly Metrics'!D:D,"Non-Target Locations - Restaurant (#)"))) | D29: =IF((SUMIFS('Data - Monthly Metrics'!E:E,'Data - Monthly Metrics'!A:A,$B$4-1,'Data - Monthly Metrics'!B:B,"Dec",'Data - Monthly Metrics'!C:C,"Snohomish",'Data - Monthly Metrics'!D:D,"Total Target Locations - Restaurant (#)")+SUMIFS('Data - Monthly Metrics'!E:E,'Data - Monthly Metrics'!A:A,$B$4-1,'Data - Monthly Metrics'!B:B,"Dec",'Data - Monthly Metrics'!C:C,"Snohomish",'Data - Monthly Metrics'!D:D,"Non-Target Locations - Restaurant (#)"))=0,"-",(SUMIFS('Data - Monthly Metrics'!E:E,'Data - Monthly Metrics'!A:A,$B$4-1,'Data - Monthly Metrics'!B:B,"Dec",'Data - Monthly Metrics'!C:C,"Snohomish",'Data - Monthly Metrics'!D:D,"Target Members - Restaurant (#)")+SUMIFS('Data - Monthly Metrics'!E:E,'Data - Monthly Metrics'!A:A,$B$4-1,'Data - Monthly Metrics'!B:B,"Dec",'Data - Monthly Metrics'!C:C,"Snohomish",'Data - Monthly Metrics'!D:D,"Non-Target Members - Restaurant (#)"))/(SUMIFS('Data - Monthly Metrics'!E:E,'Data - Monthly Metrics'!A:A,$B$4-1,'Data - Monthly Metrics'!B:B,"Dec",'Data - Monthly Metrics'!C:C,"Snohomish",'Data - Monthly Metrics'!D:D,"Total Target Locations - Restaurant (#)")+SUMIFS('Data - Monthly Metrics'!E:E,'Data - Monthly Metrics'!A:A,$B$4-1,'Data - Monthly Metrics'!B:B,"Dec",'Data - Monthly Metrics'!C:C,"Snohomish",'Data - Monthly Metrics'!D:D,"Non-Target Locations - Restaurant (#)"))) | E29: =IF(ISNUMBER(D29),D29,IF(ISNUMBER(C29),C29,IF(ISNUMBER(B29),B29,"-"))) | F29: =IF((SUMIFS('Data - Monthly Metrics'!E:E,'Data - Monthly Metrics'!A:A,$B$4,'Data - Monthly Metrics'!B:B,"Jan",'Data - Monthly Metrics'!C:C,"Snohomish",'Data - Monthly Metrics'!D:D,"Total Target Locations - Restaurant (#)")+SUMIFS('Data - Monthly Metrics'!E:E,'Data - Monthly Metrics'!A:A,$B$4,'Data - Monthly Metrics'!B:B,"Jan",'Data - Monthly Metrics'!C:C,"Snohomish",'Data - Monthly Metrics'!D:D,"Non-Target Locations - Restaurant (#)"))=0,"-",(SUMIFS('Data - Monthly Metrics'!E:E,'Data - Monthly Metrics'!A:A,$B$4,'Data - Monthly Metrics'!B:B,"Jan",'Data - Monthly Metrics'!C:C,"Snohomish",'Data - Monthly Metrics'!D:D,"Target Members - Restaurant (#)")+SUMIFS('Data - Monthly Metrics'!E:E,'Data - Monthly Metrics'!A:A,$B$4,'Data - Monthly Metrics'!B:B,"Jan",'Data - Monthly Metrics'!C:C,"Snohomish",'Data - Monthly Metrics'!D:D,"Non-Target Members - Restaurant (#)"))/(SUMIFS('Data - Monthly Metrics'!E:E,'Data - Monthly Metrics'!A:A,$B$4,'Data - Monthly Metrics'!B:B,"Jan",'Data - Monthly Metrics'!C:C,"Snohomish",'Data - Monthly Metrics'!D:D,"Total Target Locations - Restaurant (#)")+SUMIFS('Data - Monthly Metrics'!E:E,'Data - Monthly Metrics'!A:A,$B$4,'Data - Monthly Metrics'!B:B,"Jan",'Data - Monthly Metrics'!C:C,"Snohomish",'Data - Monthly Metrics'!D:D,"Non-Target Locations - Restaurant (#)"))) | G29: =IF((SUMIFS('Data - Monthly Metrics'!E:E,'Data - Monthly Metrics'!A:A,$B$4,'Data - Monthly Metrics'!B:B,"Feb",'Data - Monthly Metrics'!C:C,"Snohomish",'Data - Monthly Metrics'!D:D,"Total Target Locations - Restaurant (#)")+SUMIFS('Data - Monthly Metrics'!E:E,'Data - Monthly Metrics'!A:A,$B$4,'Data - Monthly Metrics'!B:B,"Feb",'Data - Monthly Metrics'!C:C,"Snohomish",'Data - Monthly Metrics'!D:D,"Non-Target Locations - Restaurant (#)"))=0,"-",(SUMIFS('Data - Monthly Metrics'!E:E,'Data - Monthly Metrics'!A:A,$B$4,'Data - Monthly Metrics'!B:B,"Feb",'Data - Monthly Metrics'!C:C,"Snohomish",'Data - Monthly Metrics'!D:D,"Target Members - Restaurant (#)")+SUMIFS('Data - Monthly Metrics'!E:E,'Data - Monthly Metrics'!A:A,$B$4,'Data - Monthly Metrics'!B:B,"Feb",'Data - Monthly Metrics'!C:C,"Snohomish",'Data - Monthly Metrics'!D:D,"Non-Target Members - Restaurant (#)"))/(SUMIFS('Data - Monthly Metrics'!E:E,'Data - Monthly Metrics'!A:A,$B$4,'Data - Monthly Metrics'!B:B,"Feb",'Data - Monthly Metrics'!C:C,"Snohomish",'Data - Monthly Metrics'!D:D,"Total Target Locations - Restaurant (#)")+SUMIFS('Data - Monthly Metrics'!E:E,'Data - Monthly Metrics'!A:A,$B$4,'Data - Monthly Metrics'!B:B,"Feb",'Data - Monthly Metrics'!C:C,"Snohomish",'Data - Monthly Metrics'!D:D,"Non-Target Locations - Restaurant (#)"))) | H29: =IF((SUMIFS('Data - Monthly Metrics'!E:E,'Data - Monthly Metrics'!A:A,$B$4,'Data - Monthly Metrics'!B:B,"Mar",'Data - Monthly Metrics'!C:C,"Snohomish",'Data - Monthly Metrics'!D:D,"Total Target Locations - Restaurant (#)")+SUMIFS('Data - Monthly Metrics'!E:E,'Data - Monthly Metrics'!A:A,$B$4,'Data - Monthly Metrics'!B:B,"Mar",'Data - Monthly Metrics'!C:C,"Snohomish",'Data - Monthly Metrics'!D:D,"Non-Target Locations - Restaurant (#)"))=0,"-",(SUMIFS('Data - Monthly Metrics'!E:E,'Data - Monthly Metrics'!A:A,$B$4,'Data - Monthly Metrics'!B:B,"Mar",'Data - Monthly Metrics'!C:C,"Snohomish",'Data - Monthly Metrics'!D:D,"Target Members - Restaurant (#)")+SUMIFS('Data - Monthly Metrics'!E:E,'Data - Monthly Metrics'!A:A,$B$4,'Data - Monthly Metrics'!B:B,"Mar",'Data - Monthly Metrics'!C:C,"Snohomish",'Data - Monthly Metrics'!D:D,"Non-Target Members - Restaurant (#)"))/(SUMIFS('Data - Monthly Metrics'!E:E,'Data - Monthly Metrics'!A:A,$B$4,'Data - Monthly Metrics'!B:B,"Mar",'Data - Monthly Metrics'!C:C,"Snohomish",'Data - Monthly Metrics'!D:D,"Total Target Locations - Restaurant (#)")+SUMIFS('Data - Monthly Metrics'!E:E,'Data - Monthly Metrics'!A:A,$B$4,'Data - Monthly Metrics'!B:B,"Mar",'Data - Monthly Metrics'!C:C,"Snohomish",'Data - Monthly Metrics'!D:D,"Non-Target Locations - Restaurant (#)"))) | I29: =IF(ISNUMBER(H29),H29,IF(ISNUMBER(G29),G29,IF(ISNUMBER(F29),F29,"-"))) | J29: =IF((SUMIFS('Data - Monthly Metrics'!E:E,'Data - Monthly Metrics'!A:A,$B$4,'Data - Monthly Metrics'!B:B,"Apr",'Data - Monthly Metrics'!C:C,"Snohomish",'Data - Monthly Metrics'!D:D,"Total Target Locations - Restaurant (#)")+SUMIFS('Data - Monthly Metrics'!E:E,'Data - Monthly Metrics'!A:A,$B$4,'Data - Monthly Metrics'!B:B,"Apr",'Data - Monthly Metrics'!C:C,"Snohomish",'Data - Monthly Metrics'!D:D,"Non-Target Locations - Restaurant (#)"))=0,"-",(SUMIFS('Data - Monthly Metrics'!E:E,'Data - Monthly Metrics'!A:A,$B$4,'Data - Monthly Metrics'!B:B,"Apr",'Data - Monthly Metrics'!C:C,"Snohomish",'Data - Monthly Metrics'!D:D,"Target Members - Restaurant (#)")+SUMIFS('Data - Monthly Metrics'!E:E,'Data - Monthly Metrics'!A:A,$B$4,'Data - Monthly Metrics'!B:B,"Apr",'Data - Monthly Metrics'!C:C,"Snohomish",'Data - Monthly Metrics'!D:D,"Non-Target Members - Restaurant (#)"))/(SUMIFS('Data - Monthly Metrics'!E:E,'Data - Monthly Metrics'!A:A,$B$4,'Data - Monthly Metrics'!B:B,"Apr",'Data - Monthly Metrics'!C:C,"Snohomish",'Data - Monthly Metrics'!D:D,"Total Target Locations - Restaurant (#)")+SUMIFS('Data - Monthly Metrics'!E:E,'Data - Monthly Metrics'!A:A,$B$4,'Data - Monthly Metrics'!B:B,"Apr",'Data - Monthly Metrics'!C:C,"Snohomish",'Data - Monthly Metrics'!D:D,"Non-Target Locations - Restaurant (#)"))) | K29: =IF((SUMIFS('Data - Monthly Metrics'!E:E,'Data - Monthly Metrics'!A:A,$B$4,'Data - Monthly Metrics'!B:B,"May",'Data - Monthly Metrics'!C:C,"Snohomish",'Data - Monthly Metrics'!D:D,"Total Target Locations - Restaurant (#)")+SUMIFS('Data - Monthly Metrics'!E:E,'Data - Monthly Metrics'!A:A,$B$4,'Data - Monthly Metrics'!B:B,"May",'Data - Monthly Metrics'!C:C,"Snohomish",'Data - Monthly Metrics'!D:D,"Non-Target Locations - Restaurant (#)"))=0,"-",(SUMIFS('Data - Monthly Metrics'!E:E,'Data - Monthly Metrics'!A:A,$B$4,'Data - Monthly Metrics'!B:B,"May",'Data - Monthly Metrics'!C:C,"Snohomish",'Data - Monthly Metrics'!D:D,"Target Members - Restaurant (#)")+SUMIFS('Data - Monthly Metrics'!E:E,'Data - Monthly Metrics'!A:A,$B$4,'Data - Monthly Metrics'!B:B,"May",'Data - Monthly Metrics'!C:C,"Snohomish",'Data - Monthly Metrics'!D:D,"Non-Target Members - Restaurant (#)"))/(SUMIFS('Data - Monthly Metrics'!E:E,'Data - Monthly Metrics'!A:A,$B$4,'Data - Monthly Metrics'!B:B,"May",'Data - Monthly Metrics'!C:C,"Snohomish",'Data - Monthly Metrics'!D:D,"Total Target Locations - Restaurant (#)")+SUMIFS('Data - Monthly Metrics'!E:E,'Data - Monthly Metrics'!A:A,$B$4,'Data - Monthly Metrics'!B:B,"May",'Data - Monthly Metrics'!C:C,"Snohomish",'Data - Monthly Metrics'!D:D,"Non-Target Locations - Restaurant (#)"))) | L29: =IF((SUMIFS('Data - Monthly Metrics'!E:E,'Data - Monthly Metrics'!A:A,$B$4,'Data - Monthly Metrics'!B:B,"Jun",'Data - Monthly Metrics'!C:C,"Snohomish",'Data - Monthly Metrics'!D:D,"Total Target Locations - Restaurant (#)")+SUMIFS('Data - Monthly Metrics'!E:E,'Data - Monthly Metrics'!A:A,$B$4,'Data - Monthly Metrics'!B:B,"Jun",'Data - Monthly Metrics'!C:C,"Snohomish",'Data - Monthly Metrics'!D:D,"Non-Target Locations - Restaurant (#)"))=0,"-",(SUMIFS('Data - Monthly Metrics'!E:E,'Data - Monthly Metrics'!A:A,$B$4,'Data - Monthly Metrics'!B:B,"Jun",'Data - Monthly Metrics'!C:C,"Snohomish",'Data - Monthly Metrics'!D:D,"Target Members - Restaurant (#)")+SUMIFS('Data - Monthly Metrics'!E:E,'Data - Monthly Metrics'!A:A,$B$4,'Data - Monthly Metrics'!B:B,"Jun",'Data - Monthly Metrics'!C:C,"Snohomish",'Data - Monthly Metrics'!D:D,"Non-Target Members - Restaurant (#)"))/(SUMIFS('Data - Monthly Metrics'!E:E,'Data - Monthly Metrics'!A:A,$B$4,'Data - Monthly Metrics'!B:B,"Jun",'Data - Monthly Metrics'!C:C,"Snohomish",'Data - Monthly Metrics'!D:D,"Total Target Locations - Restaurant (#)")+SUMIFS('Data - Monthly Metrics'!E:E,'Data - Monthly Metrics'!A:A,$B$4,'Data - Monthly Metrics'!B:B,"Jun",'Data - Monthly Metrics'!C:C,"Snohomish",'Data - Monthly Metrics'!D:D,"Non-Target Locations - Restaurant (#)"))) | M29: =IF(ISNUMBER(L29),L29,IF(ISNUMBER(K29),K29,IF(ISNUMBER(J29),J29,"-"))) | N29: =IF((SUMIFS('Data - Monthly Metrics'!E:E,'Data - Monthly Metrics'!A:A,$B$4,'Data - Monthly Metrics'!B:B,"Jul",'Data - Monthly Metrics'!C:C,"Snohomish",'Data - Monthly Metrics'!D:D,"Total Target Locations - Restaurant (#)")+SUMIFS('Data - Monthly Metrics'!E:E,'Data - Monthly Metrics'!A:A,$B$4,'Data - Monthly Metrics'!B:B,"Jul",'Data - Monthly Metrics'!C:C,"Snohomish",'Data - Monthly Metrics'!D:D,"Non-Target Locations - Restaurant (#)"))=0,"-",(SUMIFS('Data - Monthly Metrics'!E:E,'Data - Monthly Metrics'!A:A,$B$4,'Data - Monthly Metrics'!B:B,"Jul",'Data - Monthly Metrics'!C:C,"Snohomish",'Data - Monthly Metrics'!D:D,"Target Members - Restaurant (#)")+SUMIFS('Data - Monthly Metrics'!E:E,'Data - Monthly Metrics'!A:A,$B$4,'Data - Monthly Metrics'!B:B,"Jul",'Data - Monthly Metrics'!C:C,"Snohomish",'Data - Monthly Metrics'!D:D,"Non-Target Members - Restaurant (#)"))/(SUMIFS('Data - Monthly Metrics'!E:E,'Data - Monthly Metrics'!A:A,$B$4,'Data - Monthly Metrics'!B:B,"Jul",'Data - Monthly Metrics'!C:C,"Snohomish",'Data - Monthly Metrics'!D:D,"Total Target Locations - Restaurant (#)")+SUMIFS('Data - Monthly Metrics'!E:E,'Data - Monthly Metrics'!A:A,$B$4,'Data - Monthly Metrics'!B:B,"Jul",'Data - Monthly Metrics'!C:C,"Snohomish",'Data - Monthly Metrics'!D:D,"Non-Target Locations - Restaurant (#)"))) | O29: =IF((SUMIFS('Data - Monthly Metrics'!E:E,'Data - Monthly Metrics'!A:A,$B$4,'Data - Monthly Metrics'!B:B,"Aug",'Data - Monthly Metrics'!C:C,"Snohomish",'Data - Monthly Metrics'!D:D,"Total Target Locations - Restaurant (#)")+SUMIFS('Data - Monthly Metrics'!E:E,'Data - Monthly Metrics'!A:A,$B$4,'Data - Monthly Metrics'!B:B,"Aug",'Data - Monthly Metrics'!C:C,"Snohomish",'Data - Monthly Metrics'!D:D,"Non-Target Locations - Restaurant (#)"))=0,"-",(SUMIFS('Data - Monthly Metrics'!E:E,'Data - Monthly Metrics'!A:A,$B$4,'Data - Monthly Metrics'!B:B,"Aug",'Data - Monthly Metrics'!C:C,"Snohomish",'Data - Monthly Metrics'!D:D,"Target Members - Restaurant (#)")+SUMIFS('Data - Monthly Metrics'!E:E,'Data - Monthly Metrics'!A:A,$B$4,'Data - Monthly Metrics'!B:B,"Aug",'Data - Monthly Metrics'!C:C,"Snohomish",'Data - Monthly Metrics'!D:D,"Non-Target Members - Restaurant (#)"))/(SUMIFS('Data - Monthly Metrics'!E:E,'Data - Monthly Metrics'!A:A,$B$4,'Data - Monthly Metrics'!B:B,"Aug",'Data - Monthly Metrics'!C:C,"Snohomish",'Data - Monthly Metrics'!D:D,"Total Target Locations - Restaurant (#)")+SUMIFS('Data - Monthly Metrics'!E:E,'Data - Monthly Metrics'!A:A,$B$4,'Data - Monthly Metrics'!B:B,"Aug",'Data - Monthly Metrics'!C:C,"Snohomish",'Data - Monthly Metrics'!D:D,"Non-Target Locations - Restaurant (#)"))) | P29: =IF((SUMIFS('Data - Monthly Metrics'!E:E,'Data - Monthly Metrics'!A:A,$B$4,'Data - Monthly Metrics'!B:B,"Sep",'Data - Monthly Metrics'!C:C,"Snohomish",'Data - Monthly Metrics'!D:D,"Total Target Locations - Restaurant (#)")+SUMIFS('Data - Monthly Metrics'!E:E,'Data - Monthly Metrics'!A:A,$B$4,'Data - Monthly Metrics'!B:B,"Sep",'Data - Monthly Metrics'!C:C,"Snohomish",'Data - Monthly Metrics'!D:D,"Non-Target Locations - Restaurant (#)"))=0,"-",(SUMIFS('Data - Monthly Metrics'!E:E,'Data - Monthly Metrics'!A:A,$B$4,'Data - Monthly Metrics'!B:B,"Sep",'Data - Monthly Metrics'!C:C,"Snohomish",'Data - Monthly Metrics'!D:D,"Target Members - Restaurant (#)")+SUMIFS('Data - Monthly Metrics'!E:E,'Data - Monthly Metrics'!A:A,$B$4,'Data - Monthly Metrics'!B:B,"Sep",'Data - Monthly Metrics'!C:C,"Snohomish",'Data - Monthly Metrics'!D:D,"Non-Target Members - Restaurant (#)"))/(SUMIFS('Data - Monthly Metrics'!E:E,'Data - Monthly Metrics'!A:A,$B$4,'Data - Monthly Metrics'!B:B,"Sep",'Data - Monthly Metrics'!C:C,"Snohomish",'Data - Monthly Metrics'!D:D,"Total Target Locations - Restaurant (#)")+SUMIFS('Data - Monthly Metrics'!E:E,'Data - Monthly Metrics'!A:A,$B$4,'Data - Monthly Metrics'!B:B,"Sep",'Data - Monthly Metrics'!C:C,"Snohomish",'Data - Monthly Metrics'!D:D,"Non-Target Locations - Restaurant (#)"))) | Q29: =IF(ISNUMBER(P29),P29,IF(ISNUMBER(O29),O29,IF(ISNUMBER(N29),N29,"-"))) | R29: =IF(ISNUMBER(Q29),Q29,IF(ISNUMBER(M29),M29,IF(ISNUMBER(I29),I29,IF(ISNUMBER(E29),E29,"-"))))
A30: Penetration — Lodging % (Combined) | B30: =IF((SUMIFS('Data - Monthly Metrics'!E:E,'Data - Monthly Metrics'!A:A,$B$4-1,'Data - Monthly Metrics'!B:B,"Oct",'Data - Monthly Metrics'!C:C,"Snohomish",'Data - Monthly Metrics'!D:D,"Total Target Locations - Lodging (#)")+SUMIFS('Data - Monthly Metrics'!E:E,'Data - Monthly Metrics'!A:A,$B$4-1,'Data - Monthly Metrics'!B:B,"Oct",'Data - Monthly Metrics'!C:C,"Snohomish",'Data - Monthly Metrics'!D:D,"Non-Target Locations - Lodging (#)"))=0,"-",(SUMIFS('Data - Monthly Metrics'!E:E,'Data - Monthly Metrics'!A:A,$B$4-1,'Data - Monthly Metrics'!B:B,"Oct",'Data - Monthly Metrics'!C:C,"Snohomish",'Data - Monthly Metrics'!D:D,"Target Members - Lodging (#)")+SUMIFS('Data - Monthly Metrics'!E:E,'Data - Monthly Metrics'!A:A,$B$4-1,'Data - Monthly Metrics'!B:B,"Oct",'Data - Monthly Metrics'!C:C,"Snohomish",'Data - Monthly Metrics'!D:D,"Non-Target Members - Lodging (#)"))/(SUMIFS('Data - Monthly Metrics'!E:E,'Data - Monthly Metrics'!A:A,$B$4-1,'Data - Monthly Metrics'!B:B,"Oct",'Data - Monthly Metrics'!C:C,"Snohomish",'Data - Monthly Metrics'!D:D,"Total Target Locations - Lodging (#)")+SUMIFS('Data - Monthly Metrics'!E:E,'Data - Monthly Metrics'!A:A,$B$4-1,'Data - Monthly Metrics'!B:B,"Oct",'Data - Monthly Metrics'!C:C,"Snohomish",'Data - Monthly Metrics'!D:D,"Non-Target Locations - Lodging (#)"))) | C30: =IF((SUMIFS('Data - Monthly Metrics'!E:E,'Data - Monthly Metrics'!A:A,$B$4-1,'Data - Monthly Metrics'!B:B,"Nov",'Data - Monthly Metrics'!C:C,"Snohomish",'Data - Monthly Metrics'!D:D,"Total Target Locations - Lodging (#)")+SUMIFS('Data - Monthly Metrics'!E:E,'Data - Monthly Metrics'!A:A,$B$4-1,'Data - Monthly Metrics'!B:B,"Nov",'Data - Monthly Metrics'!C:C,"Snohomish",'Data - Monthly Metrics'!D:D,"Non-Target Locations - Lodging (#)"))=0,"-",(SUMIFS('Data - Monthly Metrics'!E:E,'Data - Monthly Metrics'!A:A,$B$4-1,'Data - Monthly Metrics'!B:B,"Nov",'Data - Monthly Metrics'!C:C,"Snohomish",'Data - Monthly Metrics'!D:D,"Target Members - Lodging (#)")+SUMIFS('Data - Monthly Metrics'!E:E,'Data - Monthly Metrics'!A:A,$B$4-1,'Data - Monthly Metrics'!B:B,"Nov",'Data - Monthly Metrics'!C:C,"Snohomish",'Data - Monthly Metrics'!D:D,"Non-Target Members - Lodging (#)"))/(SUMIFS('Data - Monthly Metrics'!E:E,'Data - Monthly Metrics'!A:A,$B$4-1,'Data - Monthly Metrics'!B:B,"Nov",'Data - Monthly Metrics'!C:C,"Snohomish",'Data - Monthly Metrics'!D:D,"Total Target Locations - Lodging (#)")+SUMIFS('Data - Monthly Metrics'!E:E,'Data - Monthly Metrics'!A:A,$B$4-1,'Data - Monthly Metrics'!B:B,"Nov",'Data - Monthly Metrics'!C:C,"Snohomish",'Data - Monthly Metrics'!D:D,"Non-Target Locations - Lodging (#)"))) | D30: =IF((SUMIFS('Data - Monthly Metrics'!E:E,'Data - Monthly Metrics'!A:A,$B$4-1,'Data - Monthly Metrics'!B:B,"Dec",'Data - Monthly Metrics'!C:C,"Snohomish",'Data - Monthly Metrics'!D:D,"Total Target Locations - Lodging (#)")+SUMIFS('Data - Monthly Metrics'!E:E,'Data - Monthly Metrics'!A:A,$B$4-1,'Data - Monthly Metrics'!B:B,"Dec",'Data - Monthly Metrics'!C:C,"Snohomish",'Data - Monthly Metrics'!D:D,"Non-Target Locations - Lodging (#)"))=0,"-",(SUMIFS('Data - Monthly Metrics'!E:E,'Data - Monthly Metrics'!A:A,$B$4-1,'Data - Monthly Metrics'!B:B,"Dec",'Data - Monthly Metrics'!C:C,"Snohomish",'Data - Monthly Metrics'!D:D,"Target Members - Lodging (#)")+SUMIFS('Data - Monthly Metrics'!E:E,'Data - Monthly Metrics'!A:A,$B$4-1,'Data - Monthly Metrics'!B:B,"Dec",'Data - Monthly Metrics'!C:C,"Snohomish",'Data - Monthly Metrics'!D:D,"Non-Target Members - Lodging (#)"))/(SUMIFS('Data - Monthly Metrics'!E:E,'Data - Monthly Metrics'!A:A,$B$4-1,'Data - Monthly Metrics'!B:B,"Dec",'Data - Monthly Metrics'!C:C,"Snohomish",'Data - Monthly Metrics'!D:D,"Total Target Locations - Lodging (#)")+SUMIFS('Data - Monthly Metrics'!E:E,'Data - Monthly Metrics'!A:A,$B$4-1,'Data - Monthly Metrics'!B:B,"Dec",'Data - Monthly Metrics'!C:C,"Snohomish",'Data - Monthly Metrics'!D:D,"Non-Target Locations - Lodging (#)"))) | E30: =IF(ISNUMBER(D30),D30,IF(ISNUMBER(C30),C30,IF(ISNUMBER(B30),B30,"-"))) | F30: =IF((SUMIFS('Data - Monthly Metrics'!E:E,'Data - Monthly Metrics'!A:A,$B$4,'Data - Monthly Metrics'!B:B,"Jan",'Data - Monthly Metrics'!C:C,"Snohomish",'Data - Monthly Metrics'!D:D,"Total Target Locations - Lodging (#)")+SUMIFS('Data - Monthly Metrics'!E:E,'Data - Monthly Metrics'!A:A,$B$4,'Data - Monthly Metrics'!B:B,"Jan",'Data - Monthly Metrics'!C:C,"Snohomish",'Data - Monthly Metrics'!D:D,"Non-Target Locations - Lodging (#)"))=0,"-",(SUMIFS('Data - Monthly Metrics'!E:E,'Data - Monthly Metrics'!A:A,$B$4,'Data - Monthly Metrics'!B:B,"Jan",'Data - Monthly Metrics'!C:C,"Snohomish",'Data - Monthly Metrics'!D:D,"Target Members - Lodging (#)")+SUMIFS('Data - Monthly Metrics'!E:E,'Data - Monthly Metrics'!A:A,$B$4,'Data - Monthly Metrics'!B:B,"Jan",'Data - Monthly Metrics'!C:C,"Snohomish",'Data - Monthly Metrics'!D:D,"Non-Target Members - Lodging (#)"))/(SUMIFS('Data - Monthly Metrics'!E:E,'Data - Monthly Metrics'!A:A,$B$4,'Data - Monthly Metrics'!B:B,"Jan",'Data - Monthly Metrics'!C:C,"Snohomish",'Data - Monthly Metrics'!D:D,"Total Target Locations - Lodging (#)")+SUMIFS('Data - Monthly Metrics'!E:E,'Data - Monthly Metrics'!A:A,$B$4,'Data - Monthly Metrics'!B:B,"Jan",'Data - Monthly Metrics'!C:C,"Snohomish",'Data - Monthly Metrics'!D:D,"Non-Target Locations - Lodging (#)"))) | G30: =IF((SUMIFS('Data - Monthly Metrics'!E:E,'Data - Monthly Metrics'!A:A,$B$4,'Data - Monthly Metrics'!B:B,"Feb",'Data - Monthly Metrics'!C:C,"Snohomish",'Data - Monthly Metrics'!D:D,"Total Target Locations - Lodging (#)")+SUMIFS('Data - Monthly Metrics'!E:E,'Data - Monthly Metrics'!A:A,$B$4,'Data - Monthly Metrics'!B:B,"Feb",'Data - Monthly Metrics'!C:C,"Snohomish",'Data - Monthly Metrics'!D:D,"Non-Target Locations - Lodging (#)"))=0,"-",(SUMIFS('Data - Monthly Metrics'!E:E,'Data - Monthly Metrics'!A:A,$B$4,'Data - Monthly Metrics'!B:B,"Feb",'Data - Monthly Metrics'!C:C,"Snohomish",'Data - Monthly Metrics'!D:D,"Target Members - Lodging (#)")+SUMIFS('Data - Monthly Metrics'!E:E,'Data - Monthly Metrics'!A:A,$B$4,'Data - Monthly Metrics'!B:B,"Feb",'Data - Monthly Metrics'!C:C,"Snohomish",'Data - Monthly Metrics'!D:D,"Non-Target Members - Lodging (#)"))/(SUMIFS('Data - Monthly Metrics'!E:E,'Data - Monthly Metrics'!A:A,$B$4,'Data - Monthly Metrics'!B:B,"Feb",'Data - Monthly Metrics'!C:C,"Snohomish",'Data - Monthly Metrics'!D:D,"Total Target Locations - Lodging (#)")+SUMIFS('Data - Monthly Metrics'!E:E,'Data - Monthly Metrics'!A:A,$B$4,'Data - Monthly Metrics'!B:B,"Feb",'Data - Monthly Metrics'!C:C,"Snohomish",'Data - Monthly Metrics'!D:D,"Non-Target Locations - Lodging (#)"))) | H30: =IF((SUMIFS('Data - Monthly Metrics'!E:E,'Data - Monthly Metrics'!A:A,$B$4,'Data - Monthly Metrics'!B:B,"Mar",'Data - Monthly Metrics'!C:C,"Snohomish",'Data - Monthly Metrics'!D:D,"Total Target Locations - Lodging (#)")+SUMIFS('Data - Monthly Metrics'!E:E,'Data - Monthly Metrics'!A:A,$B$4,'Data - Monthly Metrics'!B:B,"Mar",'Data - Monthly Metrics'!C:C,"Snohomish",'Data - Monthly Metrics'!D:D,"Non-Target Locations - Lodging (#)"))=0,"-",(SUMIFS('Data - Monthly Metrics'!E:E,'Data - Monthly Metrics'!A:A,$B$4,'Data - Monthly Metrics'!B:B,"Mar",'Data - Monthly Metrics'!C:C,"Snohomish",'Data - Monthly Metrics'!D:D,"Target Members - Lodging (#)")+SUMIFS('Data - Monthly Metrics'!E:E,'Data - Monthly Metrics'!A:A,$B$4,'Data - Monthly Metrics'!B:B,"Mar",'Data - Monthly Metrics'!C:C,"Snohomish",'Data - Monthly Metrics'!D:D,"Non-Target Members - Lodging (#)"))/(SUMIFS('Data - Monthly Metrics'!E:E,'Data - Monthly Metrics'!A:A,$B$4,'Data - Monthly Metrics'!B:B,"Mar",'Data - Monthly Metrics'!C:C,"Snohomish",'Data - Monthly Metrics'!D:D,"Total Target Locations - Lodging (#)")+SUMIFS('Data - Monthly Metrics'!E:E,'Data - Monthly Metrics'!A:A,$B$4,'Data - Monthly Metrics'!B:B,"Mar",'Data - Monthly Metrics'!C:C,"Snohomish",'Data - Monthly Metrics'!D:D,"Non-Target Locations - Lodging (#)"))) | I30: =IF(ISNUMBER(H30),H30,IF(ISNUMBER(G30),G30,IF(ISNUMBER(F30),F30,"-"))) | J30: =IF((SUMIFS('Data - Monthly Metrics'!E:E,'Data - Monthly Metrics'!A:A,$B$4,'Data - Monthly Metrics'!B:B,"Apr",'Data - Monthly Metrics'!C:C,"Snohomish",'Data - Monthly Metrics'!D:D,"Total Target Locations - Lodging (#)")+SUMIFS('Data - Monthly Metrics'!E:E,'Data - Monthly Metrics'!A:A,$B$4,'Data - Monthly Metrics'!B:B,"Apr",'Data - Monthly Metrics'!C:C,"Snohomish",'Data - Monthly Metrics'!D:D,"Non-Target Locations - Lodging (#)"))=0,"-",(SUMIFS('Data - Monthly Metrics'!E:E,'Data - Monthly Metrics'!A:A,$B$4,'Data - Monthly Metrics'!B:B,"Apr",'Data - Monthly Metrics'!C:C,"Snohomish",'Data - Monthly Metrics'!D:D,"Target Members - Lodging (#)")+SUMIFS('Data - Monthly Metrics'!E:E,'Data - Monthly Metrics'!A:A,$B$4,'Data - Monthly Metrics'!B:B,"Apr",'Data - Monthly Metrics'!C:C,"Snohomish",'Data - Monthly Metrics'!D:D,"Non-Target Members - Lodging (#)"))/(SUMIFS('Data - Monthly Metrics'!E:E,'Data - Monthly Metrics'!A:A,$B$4,'Data - Monthly Metrics'!B:B,"Apr",'Data - Monthly Metrics'!C:C,"Snohomish",'Data - Monthly Metrics'!D:D,"Total Target Locations - Lodging (#)")+SUMIFS('Data - Monthly Metrics'!E:E,'Data - Monthly Metrics'!A:A,$B$4,'Data - Monthly Metrics'!B:B,"Apr",'Data - Monthly Metrics'!C:C,"Snohomish",'Data - Monthly Metrics'!D:D,"Non-Target Locations - Lodging (#)"))) | K30: =IF((SUMIFS('Data - Monthly Metrics'!E:E,'Data - Monthly Metrics'!A:A,$B$4,'Data - Monthly Metrics'!B:B,"May",'Data - Monthly Metrics'!C:C,"Snohomish",'Data - Monthly Metrics'!D:D,"Total Target Locations - Lodging (#)")+SUMIFS('Data - Monthly Metrics'!E:E,'Data - Monthly Metrics'!A:A,$B$4,'Data - Monthly Metrics'!B:B,"May",'Data - Monthly Metrics'!C:C,"Snohomish",'Data - Monthly Metrics'!D:D,"Non-Target Locations - Lodging (#)"))=0,"-",(SUMIFS('Data - Monthly Metrics'!E:E,'Data - Monthly Metrics'!A:A,$B$4,'Data - Monthly Metrics'!B:B,"May",'Data - Monthly Metrics'!C:C,"Snohomish",'Data - Monthly Metrics'!D:D,"Target Members - Lodging (#)")+SUMIFS('Data - Monthly Metrics'!E:E,'Data - Monthly Metrics'!A:A,$B$4,'Data - Monthly Metrics'!B:B,"May",'Data - Monthly Metrics'!C:C,"Snohomish",'Data - Monthly Metrics'!D:D,"Non-Target Members - Lodging (#)"))/(SUMIFS('Data - Monthly Metrics'!E:E,'Data - Monthly Metrics'!A:A,$B$4,'Data - Monthly Metrics'!B:B,"May",'Data - Monthly Metrics'!C:C,"Snohomish",'Data - Monthly Metrics'!D:D,"Total Target Locations - Lodging (#)")+SUMIFS('Data - Monthly Metrics'!E:E,'Data - Monthly Metrics'!A:A,$B$4,'Data - Monthly Metrics'!B:B,"May",'Data - Monthly Metrics'!C:C,"Snohomish",'Data - Monthly Metrics'!D:D,"Non-Target Locations - Lodging (#)"))) | L30: =IF((SUMIFS('Data - Monthly Metrics'!E:E,'Data - Monthly Metrics'!A:A,$B$4,'Data - Monthly Metrics'!B:B,"Jun",'Data - Monthly Metrics'!C:C,"Snohomish",'Data - Monthly Metrics'!D:D,"Total Target Locations - Lodging (#)")+SUMIFS('Data - Monthly Metrics'!E:E,'Data - Monthly Metrics'!A:A,$B$4,'Data - Monthly Metrics'!B:B,"Jun",'Data - Monthly Metrics'!C:C,"Snohomish",'Data - Monthly Metrics'!D:D,"Non-Target Locations - Lodging (#)"))=0,"-",(SUMIFS('Data - Monthly Metrics'!E:E,'Data - Monthly Metrics'!A:A,$B$4,'Data - Monthly Metrics'!B:B,"Jun",'Data - Monthly Metrics'!C:C,"Snohomish",'Data - Monthly Metrics'!D:D,"Target Members - Lodging (#)")+SUMIFS('Data - Monthly Metrics'!E:E,'Data - Monthly Metrics'!A:A,$B$4,'Data - Monthly Metrics'!B:B,"Jun",'Data - Monthly Metrics'!C:C,"Snohomish",'Data - Monthly Metrics'!D:D,"Non-Target Members - Lodging (#)"))/(SUMIFS('Data - Monthly Metrics'!E:E,'Data - Monthly Metrics'!A:A,$B$4,'Data - Monthly Metrics'!B:B,"Jun",'Data - Monthly Metrics'!C:C,"Snohomish",'Data - Monthly Metrics'!D:D,"Total Target Locations - Lodging (#)")+SUMIFS('Data - Monthly Metrics'!E:E,'Data - Monthly Metrics'!A:A,$B$4,'Data - Monthly Metrics'!B:B,"Jun",'Data - Monthly Metrics'!C:C,"Snohomish",'Data - Monthly Metrics'!D:D,"Non-Target Locations - Lodging (#)"))) | M30: =IF(ISNUMBER(L30),L30,IF(ISNUMBER(K30),K30,IF(ISNUMBER(J30),J30,"-"))) | N30: =IF((SUMIFS('Data - Monthly Metrics'!E:E,'Data - Monthly Metrics'!A:A,$B$4,'Data - Monthly Metrics'!B:B,"Jul",'Data - Monthly Metrics'!C:C,"Snohomish",'Data - Monthly Metrics'!D:D,"Total Target Locations - Lodging (#)")+SUMIFS('Data - Monthly Metrics'!E:E,'Data - Monthly Metrics'!A:A,$B$4,'Data - Monthly Metrics'!B:B,"Jul",'Data - Monthly Metrics'!C:C,"Snohomish",'Data - Monthly Metrics'!D:D,"Non-Target Locations - Lodging (#)"))=0,"-",(SUMIFS('Data - Monthly Metrics'!E:E,'Data - Monthly Metrics'!A:A,$B$4,'Data - Monthly Metrics'!B:B,"Jul",'Data - Monthly Metrics'!C:C,"Snohomish",'Data - Monthly Metrics'!D:D,"Target Members - Lodging (#)")+SUMIFS('Data - Monthly Metrics'!E:E,'Data - Monthly Metrics'!A:A,$B$4,'Data - Monthly Metrics'!B:B,"Jul",'Data - Monthly Metrics'!C:C,"Snohomish",'Data - Monthly Metrics'!D:D,"Non-Target Members - Lodging (#)"))/(SUMIFS('Data - Monthly Metrics'!E:E,'Data - Monthly Metrics'!A:A,$B$4,'Data - Monthly Metrics'!B:B,"Jul",'Data - Monthly Metrics'!C:C,"Snohomish",'Data - Monthly Metrics'!D:D,"Total Target Locations - Lodging (#)")+SUMIFS('Data - Monthly Metrics'!E:E,'Data - Monthly Metrics'!A:A,$B$4,'Data - Monthly Metrics'!B:B,"Jul",'Data - Monthly Metrics'!C:C,"Snohomish",'Data - Monthly Metrics'!D:D,"Non-Target Locations - Lodging (#)"))) | O30: =IF((SUMIFS('Data - Monthly Metrics'!E:E,'Data - Monthly Metrics'!A:A,$B$4,'Data - Monthly Metrics'!B:B,"Aug",'Data - Monthly Metrics'!C:C,"Snohomish",'Data - Monthly Metrics'!D:D,"Total Target Locations - Lodging (#)")+SUMIFS('Data - Monthly Metrics'!E:E,'Data - Monthly Metrics'!A:A,$B$4,'Data - Monthly Metrics'!B:B,"Aug",'Data - Monthly Metrics'!C:C,"Snohomish",'Data - Monthly Metrics'!D:D,"Non-Target Locations - Lodging (#)"))=0,"-",(SUMIFS('Data - Monthly Metrics'!E:E,'Data - Monthly Metrics'!A:A,$B$4,'Data - Monthly Metrics'!B:B,"Aug",'Data - Monthly Metrics'!C:C,"Snohomish",'Data - Monthly Metrics'!D:D,"Target Members - Lodging (#)")+SUMIFS('Data - Monthly Metrics'!E:E,'Data - Monthly Metrics'!A:A,$B$4,'Data - Monthly Metrics'!B:B,"Aug",'Data - Monthly Metrics'!C:C,"Snohomish",'Data - Monthly Metrics'!D:D,"Non-Target Members - Lodging (#)"))/(SUMIFS('Data - Monthly Metrics'!E:E,'Data - Monthly Metrics'!A:A,$B$4,'Data - Monthly Metrics'!B:B,"Aug",'Data - Monthly Metrics'!C:C,"Snohomish",'Data - Monthly Metrics'!D:D,"Total Target Locations - Lodging (#)")+SUMIFS('Data - Monthly Metrics'!E:E,'Data - Monthly Metrics'!A:A,$B$4,'Data - Monthly Metrics'!B:B,"Aug",'Data - Monthly Metrics'!C:C,"Snohomish",'Data - Monthly Metrics'!D:D,"Non-Target Locations - Lodging (#)"))) | P30: =IF((SUMIFS('Data - Monthly Metrics'!E:E,'Data - Monthly Metrics'!A:A,$B$4,'Data - Monthly Metrics'!B:B,"Sep",'Data - Monthly Metrics'!C:C,"Snohomish",'Data - Monthly Metrics'!D:D,"Total Target Locations - Lodging (#)")+SUMIFS('Data - Monthly Metrics'!E:E,'Data - Monthly Metrics'!A:A,$B$4,'Data - Monthly Metrics'!B:B,"Sep",'Data - Monthly Metrics'!C:C,"Snohomish",'Data - Monthly Metrics'!D:D,"Non-Target Locations - Lodging (#)"))=0,"-",(SUMIFS('Data - Monthly Metrics'!E:E,'Data - Monthly Metrics'!A:A,$B$4,'Data - Monthly Metrics'!B:B,"Sep",'Data - Monthly Metrics'!C:C,"Snohomish",'Data - Monthly Metrics'!D:D,"Target Members - Lodging (#)")+SUMIFS('Data - Monthly Metrics'!E:E,'Data - Monthly Metrics'!A:A,$B$4,'Data - Monthly Metrics'!B:B,"Sep",'Data - Monthly Metrics'!C:C,"Snohomish",'Data - Monthly Metrics'!D:D,"Non-Target Members - Lodging (#)"))/(SUMIFS('Data - Monthly Metrics'!E:E,'Data - Monthly Metrics'!A:A,$B$4,'Data - Monthly Metrics'!B:B,"Sep",'Data - Monthly Metrics'!C:C,"Snohomish",'Data - Monthly Metrics'!D:D,"Total Target Locations - Lodging (#)")+SUMIFS('Data - Monthly Metrics'!E:E,'Data - Monthly Metrics'!A:A,$B$4,'Data - Monthly Metrics'!B:B,"Sep",'Data - Monthly Metrics'!C:C,"Snohomish",'Data - Monthly Metrics'!D:D,"Non-Target Locations - Lodging (#)"))) | Q30: =IF(ISNUMBER(P30),P30,IF(ISNUMBER(O30),O30,IF(ISNUMBER(N30),N30,"-"))) | R30: =IF(ISNUMBER(Q30),Q30,IF(ISNUMBER(M30),M30,IF(ISNUMBER(I30),I30,IF(ISNUMBER(E30),E30,"-"))))
A31: Penetration — Overall % (Combined) | B31: =IF((SUMIFS('Data - Monthly Metrics'!E:E,'Data - Monthly Metrics'!A:A,$B$4-1,'Data - Monthly Metrics'!B:B,"Oct",'Data - Monthly Metrics'!C:C,"Snohomish",'Data - Monthly Metrics'!D:D,"Total Target Locations - Restaurant (#)")+SUMIFS('Data - Monthly Metrics'!E:E,'Data - Monthly Metrics'!A:A,$B$4-1,'Data - Monthly Metrics'!B:B,"Oct",'Data - Monthly Metrics'!C:C,"Snohomish",'Data - Monthly Metrics'!D:D,"Total Target Locations - Lodging (#)")+SUMIFS('Data - Monthly Metrics'!E:E,'Data - Monthly Metrics'!A:A,$B$4-1,'Data - Monthly Metrics'!B:B,"Oct",'Data - Monthly Metrics'!C:C,"Snohomish",'Data - Monthly Metrics'!D:D,"Non-Target Locations - Restaurant (#)")+SUMIFS('Data - Monthly Metrics'!E:E,'Data - Monthly Metrics'!A:A,$B$4-1,'Data - Monthly Metrics'!B:B,"Oct",'Data - Monthly Metrics'!C:C,"Snohomish",'Data - Monthly Metrics'!D:D,"Non-Target Locations - Lodging (#)"))=0,"-",(SUMIFS('Data - Monthly Metrics'!E:E,'Data - Monthly Metrics'!A:A,$B$4-1,'Data - Monthly Metrics'!B:B,"Oct",'Data - Monthly Metrics'!C:C,"Snohomish",'Data - Monthly Metrics'!D:D,"Target Members - Restaurant (#)")+SUMIFS('Data - Monthly Metrics'!E:E,'Data - Monthly Metrics'!A:A,$B$4-1,'Data - Monthly Metrics'!B:B,"Oct",'Data - Monthly Metrics'!C:C,"Snohomish",'Data - Monthly Metrics'!D:D,"Target Members - Lodging (#)")+SUMIFS('Data - Monthly Metrics'!E:E,'Data - Monthly Metrics'!A:A,$B$4-1,'Data - Monthly Metrics'!B:B,"Oct",'Data - Monthly Metrics'!C:C,"Snohomish",'Data - Monthly Metrics'!D:D,"Non-Target Members - Restaurant (#)")+SUMIFS('Data - Monthly Metrics'!E:E,'Data - Monthly Metrics'!A:A,$B$4-1,'Data - Monthly Metrics'!B:B,"Oct",'Data - Monthly Metrics'!C:C,"Snohomish",'Data - Monthly Metrics'!D:D,"Non-Target Members - Lodging (#)"))/(SUMIFS('Data - Monthly Metrics'!E:E,'Data - Monthly Metrics'!A:A,$B$4-1,'Data - Monthly Metrics'!B:B,"Oct",'Data - Monthly Metrics'!C:C,"Snohomish",'Data - Monthly Metrics'!D:D,"Total Target Locations - Restaurant (#)")+SUMIFS('Data - Monthly Metrics'!E:E,'Data - Monthly Metrics'!A:A,$B$4-1,'Data - Monthly Metrics'!B:B,"Oct",'Data - Monthly Metrics'!C:C,"Snohomish",'Data - Monthly Metrics'!D:D,"Total Target Locations - Lodging (#)")+SUMIFS('Data - Monthly Metrics'!E:E,'Data - Monthly Metrics'!A:A,$B$4-1,'Data - Monthly Metrics'!B:B,"Oct",'Data - Monthly Metrics'!C:C,"Snohomish",'Data - Monthly Metrics'!D:D,"Non-Target Locations - Restaurant (#)")+SUMIFS('Data - Monthly Metrics'!E:E,'Data - Monthly Metrics'!A:A,$B$4-1,'Data - Monthly Metrics'!B:B,"Oct",'Data - Monthly Metrics'!C:C,"Snohomish",'Data - Monthly Metrics'!D:D,"Non-Target Locations - Lodging (#)"))) | C31: =IF((SUMIFS('Data - Monthly Metrics'!E:E,'Data - Monthly Metrics'!A:A,$B$4-1,'Data - Monthly Metrics'!B:B,"Nov",'Data - Monthly Metrics'!C:C,"Snohomish",'Data - Monthly Metrics'!D:D,"Total Target Locations - Restaurant (#)")+SUMIFS('Data - Monthly Metrics'!E:E,'Data - Monthly Metrics'!A:A,$B$4-1,'Data - Monthly Metrics'!B:B,"Nov",'Data - Monthly Metrics'!C:C,"Snohomish",'Data - Monthly Metrics'!D:D,"Total Target Locations - Lodging (#)")+SUMIFS('Data - Monthly Metrics'!E:E,'Data - Monthly Metrics'!A:A,$B$4-1,'Data - Monthly Metrics'!B:B,"Nov",'Data - Monthly Metrics'!C:C,"Snohomish",'Data - Monthly Metrics'!D:D,"Non-Target Locations - Restaurant (#)")+SUMIFS('Data - Monthly Metrics'!E:E,'Data - Monthly Metrics'!A:A,$B$4-1,'Data - Monthly Metrics'!B:B,"Nov",'Data - Monthly Metrics'!C:C,"Snohomish",'Data - Monthly Metrics'!D:D,"Non-Target Locations - Lodging (#)"))=0,"-",(SUMIFS('Data - Monthly Metrics'!E:E,'Data - Monthly Metrics'!A:A,$B$4-1,'Data - Monthly Metrics'!B:B,"Nov",'Data - Monthly Metrics'!C:C,"Snohomish",'Data - Monthly Metrics'!D:D,"Target Members - Restaurant (#)")+SUMIFS('Data - Monthly Metrics'!E:E,'Data - Monthly Metrics'!A:A,$B$4-1,'Data - Monthly Metrics'!B:B,"Nov",'Data - Monthly Metrics'!C:C,"Snohomish",'Data - Monthly Metrics'!D:D,"Target Members - Lodging (#)")+SUMIFS('Data - Monthly Metrics'!E:E,'Data - Monthly Metrics'!A:A,$B$4-1,'Data - Monthly Metrics'!B:B,"Nov",'Data - Monthly Metrics'!C:C,"Snohomish",'Data - Monthly Metrics'!D:D,"Non-Target Members - Restaurant (#)")+SUMIFS('Data - Monthly Metrics'!E:E,'Data - Monthly Metrics'!A:A,$B$4-1,'Data - Monthly Metrics'!B:B,"Nov",'Data - Monthly Metrics'!C:C,"Snohomish",'Data - Monthly Metrics'!D:D,"Non-Target Members - Lodging (#)"))/(SUMIFS('Data - Monthly Metrics'!E:E,'Data - Monthly Metrics'!A:A,$B$4-1,'Data - Monthly Metrics'!B:B,"Nov",'Data - Monthly Metrics'!C:C,"Snohomish",'Data - Monthly Metrics'!D:D,"Total Target Locations - Restaurant (#)")+SUMIFS('Data - Monthly Metrics'!E:E,'Data - Monthly Metrics'!A:A,$B$4-1,'Data - Monthly Metrics'!B:B,"Nov",'Data - Monthly Metrics'!C:C,"Snohomish",'Data - Monthly Metrics'!D:D,"Total Target Locations - Lodging (#)")+SUMIFS('Data - Monthly Metrics'!E:E,'Data - Monthly Metrics'!A:A,$B$4-1,'Data - Monthly Metrics'!B:B,"Nov",'Data - Monthly Metrics'!C:C,"Snohomish",'Data - Monthly Metrics'!D:D,"Non-Target Locations - Restaurant (#)")+SUMIFS('Data - Monthly Metrics'!E:E,'Data - Monthly Metrics'!A:A,$B$4-1,'Data - Monthly Metrics'!B:B,"Nov",'Data - Monthly Metrics'!C:C,"Snohomish",'Data - Monthly Metrics'!D:D,"Non-Target Locations - Lodging (#)"))) | D31: =IF((SUMIFS('Data - Monthly Metrics'!E:E,'Data - Monthly Metrics'!A:A,$B$4-1,'Data - Monthly Metrics'!B:B,"Dec",'Data - Monthly Metrics'!C:C,"Snohomish",'Data - Monthly Metrics'!D:D,"Total Target Locations - Restaurant (#)")+SUMIFS('Data - Monthly Metrics'!E:E,'Data - Monthly Metrics'!A:A,$B$4-1,'Data - Monthly Metrics'!B:B,"Dec",'Data - Monthly Metrics'!C:C,"Snohomish",'Data - Monthly Metrics'!D:D,"Total Target Locations - Lodging (#)")+SUMIFS('Data - Monthly Metrics'!E:E,'Data - Monthly Metrics'!A:A,$B$4-1,'Data - Monthly Metrics'!B:B,"Dec",'Data - Monthly Metrics'!C:C,"Snohomish",'Data - Monthly Metrics'!D:D,"Non-Target Locations - Restaurant (#)")+SUMIFS('Data - Monthly Metrics'!E:E,'Data - Monthly Metrics'!A:A,$B$4-1,'Data - Monthly Metrics'!B:B,"Dec",'Data - Monthly Metrics'!C:C,"Snohomish",'Data - Monthly Metrics'!D:D,"Non-Target Locations - Lodging (#)"))=0,"-",(SUMIFS('Data - Monthly Metrics'!E:E,'Data - Monthly Metrics'!A:A,$B$4-1,'Data - Monthly Metrics'!B:B,"Dec",'Data - Monthly Metrics'!C:C,"Snohomish",'Data - Monthly Metrics'!D:D,"Target Members - Restaurant (#)")+SUMIFS('Data - Monthly Metrics'!E:E,'Data - Monthly Metrics'!A:A,$B$4-1,'Data - Monthly Metrics'!B:B,"Dec",'Data - Monthly Metrics'!C:C,"Snohomish",'Data - Monthly Metrics'!D:D,"Target Members - Lodging (#)")+SUMIFS('Data - Monthly Metrics'!E:E,'Data - Monthly Metrics'!A:A,$B$4-1,'Data - Monthly Metrics'!B:B,"Dec",'Data - Monthly Metrics'!C:C,"Snohomish",'Data - Monthly Metrics'!D:D,"Non-Target Members - Restaurant (#)")+SUMIFS('Data - Monthly Metrics'!E:E,'Data - Monthly Metrics'!A:A,$B$4-1,'Data - Monthly Metrics'!B:B,"Dec",'Data - Monthly Metrics'!C:C,"Snohomish",'Data - Monthly Metrics'!D:D,"Non-Target Members - Lodging (#)"))/(SUMIFS('Data - Monthly Metrics'!E:E,'Data - Monthly Metrics'!A:A,$B$4-1,'Data - Monthly Metrics'!B:B,"Dec",'Data - Monthly Metrics'!C:C,"Snohomish",'Data - Monthly Metrics'!D:D,"Total Target Locations - Restaurant (#)")+SUMIFS('Data - Monthly Metrics'!E:E,'Data - Monthly Metrics'!A:A,$B$4-1,'Data - Monthly Metrics'!B:B,"Dec",'Data - Monthly Metrics'!C:C,"Snohomish",'Data - Monthly Metrics'!D:D,"Total Target Locations - Lodging (#)")+SUMIFS('Data - Monthly Metrics'!E:E,'Data - Monthly Metrics'!A:A,$B$4-1,'Data - Monthly Metrics'!B:B,"Dec",'Data - Monthly Metrics'!C:C,"Snohomish",'Data - Monthly Metrics'!D:D,"Non-Target Locations - Restaurant (#)")+SUMIFS('Data - Monthly Metrics'!E:E,'Data - Monthly Metrics'!A:A,$B$4-1,'Data - Monthly Metrics'!B:B,"Dec",'Data - Monthly Metrics'!C:C,"Snohomish",'Data - Monthly Metrics'!D:D,"Non-Target Locations - Lodging (#)"))) | E31: =IF(ISNUMBER(D31),D31,IF(ISNUMBER(C31),C31,IF(ISNUMBER(B31),B31,"-"))) | F31: =IF((SUMIFS('Data - Monthly Metrics'!E:E,'Data - Monthly Metrics'!A:A,$B$4,'Data - Monthly Metrics'!B:B,"Jan",'Data - Monthly Metrics'!C:C,"Snohomish",'Data - Monthly Metrics'!D:D,"Total Target Locations - Restaurant (#)")+SUMIFS('Data - Monthly Metrics'!E:E,'Data - Monthly Metrics'!A:A,$B$4,'Data - Monthly Metrics'!B:B,"Jan",'Data - Monthly Metrics'!C:C,"Snohomish",'Data - Monthly Metrics'!D:D,"Total Target Locations - Lodging (#)")+SUMIFS('Data - Monthly Metrics'!E:E,'Data - Monthly Metrics'!A:A,$B$4,'Data - Monthly Metrics'!B:B,"Jan",'Data - Monthly Metrics'!C:C,"Snohomish",'Data - Monthly Metrics'!D:D,"Non-Target Locations - Restaurant (#)")+SUMIFS('Data - Monthly Metrics'!E:E,'Data - Monthly Metrics'!A:A,$B$4,'Data - Monthly Metrics'!B:B,"Jan",'Data - Monthly Metrics'!C:C,"Snohomish",'Data - Monthly Metrics'!D:D,"Non-Target Locations - Lodging (#)"))=0,"-",(SUMIFS('Data - Monthly Metrics'!E:E,'Data - Monthly Metrics'!A:A,$B$4,'Data - Monthly Metrics'!B:B,"Jan",'Data - Monthly Metrics'!C:C,"Snohomish",'Data - Monthly Metrics'!D:D,"Target Members - Restaurant (#)")+SUMIFS('Data - Monthly Metrics'!E:E,'Data - Monthly Metrics'!A:A,$B$4,'Data - Monthly Metrics'!B:B,"Jan",'Data - Monthly Metrics'!C:C,"Snohomish",'Data - Monthly Metrics'!D:D,"Target Members - Lodging (#)")+SUMIFS('Data - Monthly Metrics'!E:E,'Data - Monthly Metrics'!A:A,$B$4,'Data - Monthly Metrics'!B:B,"Jan",'Data - Monthly Metrics'!C:C,"Snohomish",'Data - Monthly Metrics'!D:D,"Non-Target Members - Restaurant (#)")+SUMIFS('Data - Monthly Metrics'!E:E,'Data - Monthly Metrics'!A:A,$B$4,'Data - Monthly Metrics'!B:B,"Jan",'Data - Monthly Metrics'!C:C,"Snohomish",'Data - Monthly Metrics'!D:D,"Non-Target Members - Lodging (#)"))/(SUMIFS('Data - Monthly Metrics'!E:E,'Data - Monthly Metrics'!A:A,$B$4,'Data - Monthly Metrics'!B:B,"Jan",'Data - Monthly Metrics'!C:C,"Snohomish",'Data - Monthly Metrics'!D:D,"Total Target Locations - Restaurant (#)")+SUMIFS('Data - Monthly Metrics'!E:E,'Data - Monthly Metrics'!A:A,$B$4,'Data - Monthly Metrics'!B:B,"Jan",'Data - Monthly Metrics'!C:C,"Snohomish",'Data - Monthly Metrics'!D:D,"Total Target Locations - Lodging (#)")+SUMIFS('Data - Monthly Metrics'!E:E,'Data - Monthly Metrics'!A:A,$B$4,'Data - Monthly Metrics'!B:B,"Jan",'Data - Monthly Metrics'!C:C,"Snohomish",'Data - Monthly Metrics'!D:D,"Non-Target Locations - Restaurant (#)")+SUMIFS('Data - Monthly Metrics'!E:E,'Data - Monthly Metrics'!A:A,$B$4,'Data - Monthly Metrics'!B:B,"Jan",'Data - Monthly Metrics'!C:C,"Snohomish",'Data - Monthly Metrics'!D:D,"Non-Target Locations - Lodging (#)"))) | G31: =IF((SUMIFS('Data - Monthly Metrics'!E:E,'Data - Monthly Metrics'!A:A,$B$4,'Data - Monthly Metrics'!B:B,"Feb",'Data - Monthly Metrics'!C:C,"Snohomish",'Data - Monthly Metrics'!D:D,"Total Target Locations - Restaurant (#)")+SUMIFS('Data - Monthly Metrics'!E:E,'Data - Monthly Metrics'!A:A,$B$4,'Data - Monthly Metrics'!B:B,"Feb",'Data - Monthly Metrics'!C:C,"Snohomish",'Data - Monthly Metrics'!D:D,"Total Target Locations - Lodging (#)")+SUMIFS('Data - Monthly Metrics'!E:E,'Data - Monthly Metrics'!A:A,$B$4,'Data - Monthly Metrics'!B:B,"Feb",'Data - Monthly Metrics'!C:C,"Snohomish",'Data - Monthly Metrics'!D:D,"Non-Target Locations - Restaurant (#)")+SUMIFS('Data - Monthly Metrics'!E:E,'Data - Monthly Metrics'!A:A,$B$4,'Data - Monthly Metrics'!B:B,"Feb",'Data - Monthly Metrics'!C:C,"Snohomish",'Data - Monthly Metrics'!D:D,"Non-Target Locations - Lodging (#)"))=0,"-",(SUMIFS('Data - Monthly Metrics'!E:E,'Data - Monthly Metrics'!A:A,$B$4,'Data - Monthly Metrics'!B:B,"Feb",'Data - Monthly Metrics'!C:C,"Snohomish",'Data - Monthly Metrics'!D:D,"Target Members - Restaurant (#)")+SUMIFS('Data - Monthly Metrics'!E:E,'Data - Monthly Metrics'!A:A,$B$4,'Data - Monthly Metrics'!B:B,"Feb",'Data - Monthly Metrics'!C:C,"Snohomish",'Data - Monthly Metrics'!D:D,"Target Members - Lodging (#)")+SUMIFS('Data - Monthly Metrics'!E:E,'Data - Monthly Metrics'!A:A,$B$4,'Data - Monthly Metrics'!B:B,"Feb",'Data - Monthly Metrics'!C:C,"Snohomish",'Data - Monthly Metrics'!D:D,"Non-Target Members - Restaurant (#)")+SUMIFS('Data - Monthly Metrics'!E:E,'Data - Monthly Metrics'!A:A,$B$4,'Data - Monthly Metrics'!B:B,"Feb",'Data - Monthly Metrics'!C:C,"Snohomish",'Data - Monthly Metrics'!D:D,"Non-Target Members - Lodging (#)"))/(SUMIFS('Data - Monthly Metrics'!E:E,'Data - Monthly Metrics'!A:A,$B$4,'Data - Monthly Metrics'!B:B,"Feb",'Data - Monthly Metrics'!C:C,"Snohomish",'Data - Monthly Metrics'!D:D,"Total Target Locations - Restaurant (#)")+SUMIFS('Data - Monthly Metrics'!E:E,'Data - Monthly Metrics'!A:A,$B$4,'Data - Monthly Metrics'!B:B,"Feb",'Data - Monthly Metrics'!C:C,"Snohomish",'Data - Monthly Metrics'!D:D,"Total Target Locations - Lodging (#)")+SUMIFS('Data - Monthly Metrics'!E:E,'Data - Monthly Metrics'!A:A,$B$4,'Data - Monthly Metrics'!B:B,"Feb",'Data - Monthly Metrics'!C:C,"Snohomish",'Data - Monthly Metrics'!D:D,"Non-Target Locations - Restaurant (#)")+SUMIFS('Data - Monthly Metrics'!E:E,'Data - Monthly Metrics'!A:A,$B$4,'Data - Monthly Metrics'!B:B,"Feb",'Data - Monthly Metrics'!C:C,"Snohomish",'Data - Monthly Metrics'!D:D,"Non-Target Locations - Lodging (#)"))) | H31: =IF((SUMIFS('Data - Monthly Metrics'!E:E,'Data - Monthly Metrics'!A:A,$B$4,'Data - Monthly Metrics'!B:B,"Mar",'Data - Monthly Metrics'!C:C,"Snohomish",'Data - Monthly Metrics'!D:D,"Total Target Locations - Restaurant (#)")+SUMIFS('Data - Monthly Metrics'!E:E,'Data - Monthly Metrics'!A:A,$B$4,'Data - Monthly Metrics'!B:B,"Mar",'Data - Monthly Metrics'!C:C,"Snohomish",'Data - Monthly Metrics'!D:D,"Total Target Locations - Lodging (#)")+SUMIFS('Data - Monthly Metrics'!E:E,'Data - Monthly Metrics'!A:A,$B$4,'Data - Monthly Metrics'!B:B,"Mar",'Data - Monthly Metrics'!C:C,"Snohomish",'Data - Monthly Metrics'!D:D,"Non-Target Locations - Restaurant (#)")+SUMIFS('Data - Monthly Metrics'!E:E,'Data - Monthly Metrics'!A:A,$B$4,'Data - Monthly Metrics'!B:B,"Mar",'Data - Monthly Metrics'!C:C,"Snohomish",'Data - Monthly Metrics'!D:D,"Non-Target Locations - Lodging (#)"))=0,"-",(SUMIFS('Data - Monthly Metrics'!E:E,'Data - Monthly Metrics'!A:A,$B$4,'Data - Monthly Metrics'!B:B,"Mar",'Data - Monthly Metrics'!C:C,"Snohomish",'Data - Monthly Metrics'!D:D,"Target Members - Restaurant (#)")+SUMIFS('Data - Monthly Metrics'!E:E,'Data - Monthly Metrics'!A:A,$B$4,'Data - Monthly Metrics'!B:B,"Mar",'Data - Monthly Metrics'!C:C,"Snohomish",'Data - Monthly Metrics'!D:D,"Target Members - Lodging (#)")+SUMIFS('Data - Monthly Metrics'!E:E,'Data - Monthly Metrics'!A:A,$B$4,'Data - Monthly Metrics'!B:B,"Mar",'Data - Monthly Metrics'!C:C,"Snohomish",'Data - Monthly Metrics'!D:D,"Non-Target Members - Restaurant (#)")+SUMIFS('Data - Monthly Metrics'!E:E,'Data - Monthly Metrics'!A:A,$B$4,'Data - Monthly Metrics'!B:B,"Mar",'Data - Monthly Metrics'!C:C,"Snohomish",'Data - Monthly Metrics'!D:D,"Non-Target Members - Lodging (#)"))/(SUMIFS('Data - Monthly Metrics'!E:E,'Data - Monthly Metrics'!A:A,$B$4,'Data - Monthly Metrics'!B:B,"Mar",'Data - Monthly Metrics'!C:C,"Snohomish",'Data - Monthly Metrics'!D:D,"Total Target Locations - Restaurant (#)")+SUMIFS('Data - Monthly Metrics'!E:E,'Data - Monthly Metrics'!A:A,$B$4,'Data - Monthly Metrics'!B:B,"Mar",'Data - Monthly Metrics'!C:C,"Snohomish",'Data - Monthly Metrics'!D:D,"Total Target Locations - Lodging (#)")+SUMIFS('Data - Monthly Metrics'!E:E,'Data - Monthly Metrics'!A:A,$B$4,'Data - Monthly Metrics'!B:B,"Mar",'Data - Monthly Metrics'!C:C,"Snohomish",'Data - Monthly Metrics'!D:D,"Non-Target Locations - Restaurant (#)")+SUMIFS('Data - Monthly Metrics'!E:E,'Data - Monthly Metrics'!A:A,$B$4,'Data - Monthly Metrics'!B:B,"Mar",'Data - Monthly Metrics'!C:C,"Snohomish",'Data - Monthly Metrics'!D:D,"Non-Target Locations - Lodging (#)"))) | I31: =IF(ISNUMBER(H31),H31,IF(ISNUMBER(G31),G31,IF(ISNUMBER(F31),F31,"-"))) | J31: =IF((SUMIFS('Data - Monthly Metrics'!E:E,'Data - Monthly Metrics'!A:A,$B$4,'Data - Monthly Metrics'!B:B,"Apr",'Data - Monthly Metrics'!C:C,"Snohomish",'Data - Monthly Metrics'!D:D,"Total Target Locations - Restaurant (#)")+SUMIFS('Data - Monthly Metrics'!E:E,'Data - Monthly Metrics'!A:A,$B$4,'Data - Monthly Metrics'!B:B,"Apr",'Data - Monthly Metrics'!C:C,"Snohomish",'Data - Monthly Metrics'!D:D,"Total Target Locations - Lodging (#)")+SUMIFS('Data - Monthly Metrics'!E:E,'Data - Monthly Metrics'!A:A,$B$4,'Data - Monthly Metrics'!B:B,"Apr",'Data - Monthly Metrics'!C:C,"Snohomish",'Data - Monthly Metrics'!D:D,"Non-Target Locations - Restaurant (#)")+SUMIFS('Data - Monthly Metrics'!E:E,'Data - Monthly Metrics'!A:A,$B$4,'Data - Monthly Metrics'!B:B,"Apr",'Data - Monthly Metrics'!C:C,"Snohomish",'Data - Monthly Metrics'!D:D,"Non-Target Locations - Lodging (#)"))=0,"-",(SUMIFS('Data - Monthly Metrics'!E:E,'Data - Monthly Metrics'!A:A,$B$4,'Data - Monthly Metrics'!B:B,"Apr",'Data - Monthly Metrics'!C:C,"Snohomish",'Data - Monthly Metrics'!D:D,"Target Members - Restaurant (#)")+SUMIFS('Data - Monthly Metrics'!E:E,'Data - Monthly Metrics'!A:A,$B$4,'Data - Monthly Metrics'!B:B,"Apr",'Data - Monthly Metrics'!C:C,"Snohomish",'Data - Monthly Metrics'!D:D,"Target Members - Lodging (#)")+SUMIFS('Data - Monthly Metrics'!E:E,'Data - Monthly Metrics'!A:A,$B$4,'Data - Monthly Metrics'!B:B,"Apr",'Data - Monthly Metrics'!C:C,"Snohomish",'Data - Monthly Metrics'!D:D,"Non-Target Members - Restaurant (#)")+SUMIFS('Data - Monthly Metrics'!E:E,'Data - Monthly Metrics'!A:A,$B$4,'Data - Monthly Metrics'!B:B,"Apr",'Data - Monthly Metrics'!C:C,"Snohomish",'Data - Monthly Metrics'!D:D,"Non-Target Members - Lodging (#)"))/(SUMIFS('Data - Monthly Metrics'!E:E,'Data - Monthly Metrics'!A:A,$B$4,'Data - Monthly Metrics'!B:B,"Apr",'Data - Monthly Metrics'!C:C,"Snohomish",'Data - Monthly Metrics'!D:D,"Total Target Locations - Restaurant (#)")+SUMIFS('Data - Monthly Metrics'!E:E,'Data - Monthly Metrics'!A:A,$B$4,'Data - Monthly Metrics'!B:B,"Apr",'Data - Monthly Metrics'!C:C,"Snohomish",'Data - Monthly Metrics'!D:D,"Total Target Locations - Lodging (#)")+SUMIFS('Data - Monthly Metrics'!E:E,'Data - Monthly Metrics'!A:A,$B$4,'Data - Monthly Metrics'!B:B,"Apr",'Data - Monthly Metrics'!C:C,"Snohomish",'Data - Monthly Metrics'!D:D,"Non-Target Locations - Restaurant (#)")+SUMIFS('Data - Monthly Metrics'!E:E,'Data - Monthly Metrics'!A:A,$B$4,'Data - Monthly Metrics'!B:B,"Apr",'Data - Monthly Metrics'!C:C,"Snohomish",'Data - Monthly Metrics'!D:D,"Non-Target Locations - Lodging (#)"))) | K31: =IF((SUMIFS('Data - Monthly Metrics'!E:E,'Data - Monthly Metrics'!A:A,$B$4,'Data - Monthly Metrics'!B:B,"May",'Data - Monthly Metrics'!C:C,"Snohomish",'Data - Monthly Metrics'!D:D,"Total Target Locations - Restaurant (#)")+SUMIFS('Data - Monthly Metrics'!E:E,'Data - Monthly Metrics'!A:A,$B$4,'Data - Monthly Metrics'!B:B,"May",'Data - Monthly Metrics'!C:C,"Snohomish",'Data - Monthly Metrics'!D:D,"Total Target Locations - Lodging (#)")+SUMIFS('Data - Monthly Metrics'!E:E,'Data - Monthly Metrics'!A:A,$B$4,'Data - Monthly Metrics'!B:B,"May",'Data - Monthly Metrics'!C:C,"Snohomish",'Data - Monthly Metrics'!D:D,"Non-Target Locations - Restaurant (#)")+SUMIFS('Data - Monthly Metrics'!E:E,'Data - Monthly Metrics'!A:A,$B$4,'Data - Monthly Metrics'!B:B,"May",'Data - Monthly Metrics'!C:C,"Snohomish",'Data - Monthly Metrics'!D:D,"Non-Target Locations - Lodging (#)"))=0,"-",(SUMIFS('Data - Monthly Metrics'!E:E,'Data - Monthly Metrics'!A:A,$B$4,'Data - Monthly Metrics'!B:B,"May",'Data - Monthly Metrics'!C:C,"Snohomish",'Data - Monthly Metrics'!D:D,"Target Members - Restaurant (#)")+SUMIFS('Data - Monthly Metrics'!E:E,'Data - Monthly Metrics'!A:A,$B$4,'Data - Monthly Metrics'!B:B,"May",'Data - Monthly Metrics'!C:C,"Snohomish",'Data - Monthly Metrics'!D:D,"Target Members - Lodging (#)")+SUMIFS('Data - Monthly Metrics'!E:E,'Data - Monthly Metrics'!A:A,$B$4,'Data - Monthly Metrics'!B:B,"May",'Data - Monthly Metrics'!C:C,"Snohomish",'Data - Monthly Metrics'!D:D,"Non-Target Members - Restaurant (#)")+SUMIFS('Data - Monthly Metrics'!E:E,'Data - Monthly Metrics'!A:A,$B$4,'Data - Monthly Metrics'!B:B,"May",'Data - Monthly Metrics'!C:C,"Snohomish",'Data - Monthly Metrics'!D:D,"Non-Target Members - Lodging (#)"))/(SUMIFS('Data - Monthly Metrics'!E:E,'Data - Monthly Metrics'!A:A,$B$4,'Data - Monthly Metrics'!B:B,"May",'Data - Monthly Metrics'!C:C,"Snohomish",'Data - Monthly Metrics'!D:D,"Total Target Locations - Restaurant (#)")+SUMIFS('Data - Monthly Metrics'!E:E,'Data - Monthly Metrics'!A:A,$B$4,'Data - Monthly Metrics'!B:B,"May",'Data - Monthly Metrics'!C:C,"Snohomish",'Data - Monthly Metrics'!D:D,"Total Target Locations - Lodging (#)")+SUMIFS('Data - Monthly Metrics'!E:E,'Data - Monthly Metrics'!A:A,$B$4,'Data - Monthly Metrics'!B:B,"May",'Data - Monthly Metrics'!C:C,"Snohomish",'Data - Monthly Metrics'!D:D,"Non-Target Locations - Restaurant (#)")+SUMIFS('Data - Monthly Metrics'!E:E,'Data - Monthly Metrics'!A:A,$B$4,'Data - Monthly Metrics'!B:B,"May",'Data - Monthly Metrics'!C:C,"Snohomish",'Data - Monthly Metrics'!D:D,"Non-Target Locations - Lodging (#)"))) | L31: =IF((SUMIFS('Data - Monthly Metrics'!E:E,'Data - Monthly Metrics'!A:A,$B$4,'Data - Monthly Metrics'!B:B,"Jun",'Data - Monthly Metrics'!C:C,"Snohomish",'Data - Monthly Metrics'!D:D,"Total Target Locations - Restaurant (#)")+SUMIFS('Data - Monthly Metrics'!E:E,'Data - Monthly Metrics'!A:A,$B$4,'Data - Monthly Metrics'!B:B,"Jun",'Data - Monthly Metrics'!C:C,"Snohomish",'Data - Monthly Metrics'!D:D,"Total Target Locations - Lodging (#)")+SUMIFS('Data - Monthly Metrics'!E:E,'Data - Monthly Metrics'!A:A,$B$4,'Data - Monthly Metrics'!B:B,"Jun",'Data - Monthly Metrics'!C:C,"Snohomish",'Data - Monthly Metrics'!D:D,"Non-Target Locations - Restaurant (#)")+SUMIFS('Data - Monthly Metrics'!E:E,'Data - Monthly Metrics'!A:A,$B$4,'Data - Monthly Metrics'!B:B,"Jun",'Data - Monthly Metrics'!C:C,"Snohomish",'Data - Monthly Metrics'!D:D,"Non-Target Locations - Lodging (#)"))=0,"-",(SUMIFS('Data - Monthly Metrics'!E:E,'Data - Monthly Metrics'!A:A,$B$4,'Data - Monthly Metrics'!B:B,"Jun",'Data - Monthly Metrics'!C:C,"Snohomish",'Data - Monthly Metrics'!D:D,"Target Members - Restaurant (#)")+SUMIFS('Data - Monthly Metrics'!E:E,'Data - Monthly Metrics'!A:A,$B$4,'Data - Monthly Metrics'!B:B,"Jun",'Data - Monthly Metrics'!C:C,"Snohomish",'Data - Monthly Metrics'!D:D,"Target Members - Lodging (#)")+SUMIFS('Data - Monthly Metrics'!E:E,'Data - Monthly Metrics'!A:A,$B$4,'Data - Monthly Metrics'!B:B,"Jun",'Data - Monthly Metrics'!C:C,"Snohomish",'Data - Monthly Metrics'!D:D,"Non-Target Members - Restaurant (#)")+SUMIFS('Data - Monthly Metrics'!E:E,'Data - Monthly Metrics'!A:A,$B$4,'Data - Monthly Metrics'!B:B,"Jun",'Data - Monthly Metrics'!C:C,"Snohomish",'Data - Monthly Metrics'!D:D,"Non-Target Members - Lodging (#)"))/(SUMIFS('Data - Monthly Metrics'!E:E,'Data - Monthly Metrics'!A:A,$B$4,'Data - Monthly Metrics'!B:B,"Jun",'Data - Monthly Metrics'!C:C,"Snohomish",'Data - Monthly Metrics'!D:D,"Total Target Locations - Restaurant (#)")+SUMIFS('Data - Monthly Metrics'!E:E,'Data - Monthly Metrics'!A:A,$B$4,'Data - Monthly Metrics'!B:B,"Jun",'Data - Monthly Metrics'!C:C,"Snohomish",'Data - Monthly Metrics'!D:D,"Total Target Locations - Lodging (#)")+SUMIFS('Data - Monthly Metrics'!E:E,'Data - Monthly Metrics'!A:A,$B$4,'Data - Monthly Metrics'!B:B,"Jun",'Data - Monthly Metrics'!C:C,"Snohomish",'Data - Monthly Metrics'!D:D,"Non-Target Locations - Restaurant (#)")+SUMIFS('Data - Monthly Metrics'!E:E,'Data - Monthly Metrics'!A:A,$B$4,'Data - Monthly Metrics'!B:B,"Jun",'Data - Monthly Metrics'!C:C,"Snohomish",'Data - Monthly Metrics'!D:D,"Non-Target Locations - Lodging (#)"))) | M31: =IF(ISNUMBER(L31),L31,IF(ISNUMBER(K31),K31,IF(ISNUMBER(J31),J31,"-"))) | N31: =IF((SUMIFS('Data - Monthly Metrics'!E:E,'Data - Monthly Metrics'!A:A,$B$4,'Data - Monthly Metrics'!B:B,"Jul",'Data - Monthly Metrics'!C:C,"Snohomish",'Data - Monthly Metrics'!D:D,"Total Target Locations - Restaurant (#)")+SUMIFS('Data - Monthly Metrics'!E:E,'Data - Monthly Metrics'!A:A,$B$4,'Data - Monthly Metrics'!B:B,"Jul",'Data - Monthly Metrics'!C:C,"Snohomish",'Data - Monthly Metrics'!D:D,"Total Target Locations - Lodging (#)")+SUMIFS('Data - Monthly Metrics'!E:E,'Data - Monthly Metrics'!A:A,$B$4,'Data - Monthly Metrics'!B:B,"Jul",'Data - Monthly Metrics'!C:C,"Snohomish",'Data - Monthly Metrics'!D:D,"Non-Target Locations - Restaurant (#)")+SUMIFS('Data - Monthly Metrics'!E:E,'Data - Monthly Metrics'!A:A,$B$4,'Data - Monthly Metrics'!B:B,"Jul",'Data - Monthly Metrics'!C:C,"Snohomish",'Data - Monthly Metrics'!D:D,"Non-Target Locations - Lodging (#)"))=0,"-",(SUMIFS('Data - Monthly Metrics'!E:E,'Data - Monthly Metrics'!A:A,$B$4,'Data - Monthly Metrics'!B:B,"Jul",'Data - Monthly Metrics'!C:C,"Snohomish",'Data - Monthly Metrics'!D:D,"Target Members - Restaurant (#)")+SUMIFS('Data - Monthly Metrics'!E:E,'Data - Monthly Metrics'!A:A,$B$4,'Data - Monthly Metrics'!B:B,"Jul",'Data - Monthly Metrics'!C:C,"Snohomish",'Data - Monthly Metrics'!D:D,"Target Members - Lodging (#)")+SUMIFS('Data - Monthly Metrics'!E:E,'Data - Monthly Metrics'!A:A,$B$4,'Data - Monthly Metrics'!B:B,"Jul",'Data - Monthly Metrics'!C:C,"Snohomish",'Data - Monthly Metrics'!D:D,"Non-Target Members - Restaurant (#)")+SUMIFS('Data - Monthly Metrics'!E:E,'Data - Monthly Metrics'!A:A,$B$4,'Data - Monthly Metrics'!B:B,"Jul",'Data - Monthly Metrics'!C:C,"Snohomish",'Data - Monthly Metrics'!D:D,"Non-Target Members - Lodging (#)"))/(SUMIFS('Data - Monthly Metrics'!E:E,'Data - Monthly Metrics'!A:A,$B$4,'Data - Monthly Metrics'!B:B,"Jul",'Data - Monthly Metrics'!C:C,"Snohomish",'Data - Monthly Metrics'!D:D,"Total Target Locations - Restaurant (#)")+SUMIFS('Data - Monthly Metrics'!E:E,'Data - Monthly Metrics'!A:A,$B$4,'Data - Monthly Metrics'!B:B,"Jul",'Data - Monthly Metrics'!C:C,"Snohomish",'Data - Monthly Metrics'!D:D,"Total Target Locations - Lodging (#)")+SUMIFS('Data - Monthly Metrics'!E:E,'Data - Monthly Metrics'!A:A,$B$4,'Data - Monthly Metrics'!B:B,"Jul",'Data - Monthly Metrics'!C:C,"Snohomish",'Data - Monthly Metrics'!D:D,"Non-Target Locations - Restaurant (#)")+SUMIFS('Data - Monthly Metrics'!E:E,'Data - Monthly Metrics'!A:A,$B$4,'Data - Monthly Metrics'!B:B,"Jul",'Data - Monthly Metrics'!C:C,"Snohomish",'Data - Monthly Metrics'!D:D,"Non-Target Locations - Lodging (#)"))) | O31: =IF((SUMIFS('Data - Monthly Metrics'!E:E,'Data - Monthly Metrics'!A:A,$B$4,'Data - Monthly Metrics'!B:B,"Aug",'Data - Monthly Metrics'!C:C,"Snohomish",'Data - Monthly Metrics'!D:D,"Total Target Locations - Restaurant (#)")+SUMIFS('Data - Monthly Metrics'!E:E,'Data - Monthly Metrics'!A:A,$B$4,'Data - Monthly Metrics'!B:B,"Aug",'Data - Monthly Metrics'!C:C,"Snohomish",'Data - Monthly Metrics'!D:D,"Total Target Locations - Lodging (#)")+SUMIFS('Data - Monthly Metrics'!E:E,'Data - Monthly Metrics'!A:A,$B$4,'Data - Monthly Metrics'!B:B,"Aug",'Data - Monthly Metrics'!C:C,"Snohomish",'Data - Monthly Metrics'!D:D,"Non-Target Locations - Restaurant (#)")+SUMIFS('Data - Monthly Metrics'!E:E,'Data - Monthly Metrics'!A:A,$B$4,'Data - Monthly Metrics'!B:B,"Aug",'Data - Monthly Metrics'!C:C,"Snohomish",'Data - Monthly Metrics'!D:D,"Non-Target Locations - Lodging (#)"))=0,"-",(SUMIFS('Data - Monthly Metrics'!E:E,'Data - Monthly Metrics'!A:A,$B$4,'Data - Monthly Metrics'!B:B,"Aug",'Data - Monthly Metrics'!C:C,"Snohomish",'Data - Monthly Metrics'!D:D,"Target Members - Restaurant (#)")+SUMIFS('Data - Monthly Metrics'!E:E,'Data - Monthly Metrics'!A:A,$B$4,'Data - Monthly Metrics'!B:B,"Aug",'Data - Monthly Metrics'!C:C,"Snohomish",'Data - Monthly Metrics'!D:D,"Target Members - Lodging (#)")+SUMIFS('Data - Monthly Metrics'!E:E,'Data - Monthly Metrics'!A:A,$B$4,'Data - Monthly Metrics'!B:B,"Aug",'Data - Monthly Metrics'!C:C,"Snohomish",'Data - Monthly Metrics'!D:D,"Non-Target Members - Restaurant (#)")+SUMIFS('Data - Monthly Metrics'!E:E,'Data - Monthly Metrics'!A:A,$B$4,'Data - Monthly Metrics'!B:B,"Aug",'Data - Monthly Metrics'!C:C,"Snohomish",'Data - Monthly Metrics'!D:D,"Non-Target Members - Lodging (#)"))/(SUMIFS('Data - Monthly Metrics'!E:E,'Data - Monthly Metrics'!A:A,$B$4,'Data - Monthly Metrics'!B:B,"Aug",'Data - Monthly Metrics'!C:C,"Snohomish",'Data - Monthly Metrics'!D:D,"Total Target Locations - Restaurant (#)")+SUMIFS('Data - Monthly Metrics'!E:E,'Data - Monthly Metrics'!A:A,$B$4,'Data - Monthly Metrics'!B:B,"Aug",'Data - Monthly Metrics'!C:C,"Snohomish",'Data - Monthly Metrics'!D:D,"Total Target Locations - Lodging (#)")+SUMIFS('Data - Monthly Metrics'!E:E,'Data - Monthly Metrics'!A:A,$B$4,'Data - Monthly Metrics'!B:B,"Aug",'Data - Monthly Metrics'!C:C,"Snohomish",'Data - Monthly Metrics'!D:D,"Non-Target Locations - Restaurant (#)")+SUMIFS('Data - Monthly Metrics'!E:E,'Data - Monthly Metrics'!A:A,$B$4,'Data - Monthly Metrics'!B:B,"Aug",'Data - Monthly Metrics'!C:C,"Snohomish",'Data - Monthly Metrics'!D:D,"Non-Target Locations - Lodging (#)"))) | P31: =IF((SUMIFS('Data - Monthly Metrics'!E:E,'Data - Monthly Metrics'!A:A,$B$4,'Data - Monthly Metrics'!B:B,"Sep",'Data - Monthly Metrics'!C:C,"Snohomish",'Data - Monthly Metrics'!D:D,"Total Target Locations - Restaurant (#)")+SUMIFS('Data - Monthly Metrics'!E:E,'Data - Monthly Metrics'!A:A,$B$4,'Data - Monthly Metrics'!B:B,"Sep",'Data - Monthly Metrics'!C:C,"Snohomish",'Data - Monthly Metrics'!D:D,"Total Target Locations - Lodging (#)")+SUMIFS('Data - Monthly Metrics'!E:E,'Data - Monthly Metrics'!A:A,$B$4,'Data - Monthly Metrics'!B:B,"Sep",'Data - Monthly Metrics'!C:C,"Snohomish",'Data - Monthly Metrics'!D:D,"Non-Target Locations - Restaurant (#)")+SUMIFS('Data - Monthly Metrics'!E:E,'Data - Monthly Metrics'!A:A,$B$4,'Data - Monthly Metrics'!B:B,"Sep",'Data - Monthly Metrics'!C:C,"Snohomish",'Data - Monthly Metrics'!D:D,"Non-Target Locations - Lodging (#)"))=0,"-",(SUMIFS('Data - Monthly Metrics'!E:E,'Data - Monthly Metrics'!A:A,$B$4,'Data - Monthly Metrics'!B:B,"Sep",'Data - Monthly Metrics'!C:C,"Snohomish",'Data - Monthly Metrics'!D:D,"Target Members - Restaurant (#)")+SUMIFS('Data - Monthly Metrics'!E:E,'Data - Monthly Metrics'!A:A,$B$4,'Data - Monthly Metrics'!B:B,"Sep",'Data - Monthly Metrics'!C:C,"Snohomish",'Data - Monthly Metrics'!D:D,"Target Members - Lodging (#)")+SUMIFS('Data - Monthly Metrics'!E:E,'Data - Monthly Metrics'!A:A,$B$4,'Data - Monthly Metrics'!B:B,"Sep",'Data - Monthly Metrics'!C:C,"Snohomish",'Data - Monthly Metrics'!D:D,"Non-Target Members - Restaurant (#)")+SUMIFS('Data - Monthly Metrics'!E:E,'Data - Monthly Metrics'!A:A,$B$4,'Data - Monthly Metrics'!B:B,"Sep",'Data - Monthly Metrics'!C:C,"Snohomish",'Data - Monthly Metrics'!D:D,"Non-Target Members - Lodging (#)"))/(SUMIFS('Data - Monthly Metrics'!E:E,'Data - Monthly Metrics'!A:A,$B$4,'Data - Monthly Metrics'!B:B,"Sep",'Data - Monthly Metrics'!C:C,"Snohomish",'Data - Monthly Metrics'!D:D,"Total Target Locations - Restaurant (#)")+SUMIFS('Data - Monthly Metrics'!E:E,'Data - Monthly Metrics'!A:A,$B$4,'Data - Monthly Metrics'!B:B,"Sep",'Data - Monthly Metrics'!C:C,"Snohomish",'Data - Monthly Metrics'!D:D,"Total Target Locations - Lodging (#)")+SUMIFS('Data - Monthly Metrics'!E:E,'Data - Monthly Metrics'!A:A,$B$4,'Data - Monthly Metrics'!B:B,"Sep",'Data - Monthly Metrics'!C:C,"Snohomish",'Data - Monthly Metrics'!D:D,"Non-Target Locations - Restaurant (#)")+SUMIFS('Data - Monthly Metrics'!E:E,'Data - Monthly Metrics'!A:A,$B$4,'Data - Monthly Metrics'!B:B,"Sep",'Data - Monthly Metrics'!C:C,"Snohomish",'Data - Monthly Metrics'!D:D,"Non-Target Locations - Lodging (#)"))) | Q31: =IF(ISNUMBER(P31),P31,IF(ISNUMBER(O31),O31,IF(ISNUMBER(N31),N31,"-"))) | R31: =IF(ISNUMBER(Q31),Q31,IF(ISNUMBER(M31),M31,IF(ISNUMBER(I31),I31,IF(ISNUMBER(E31),E31,"-"))))
A33: ▼ TARGET MEMBERS ▼
